dt_transaction,dt_month,cd_seqlan,ds_transaction_type,vl_transaction,id_transaction,dt_ingestion
2023-03-12,1970-01-01 00:00:00.000202303,117.0,PIX ENVIADO,20.0,ae4557f201bcf5fd55570caaec4589da182190fa21a29a0a1b6ea3049c84e9b3,2025-07-02
2023-03-12,1970-01-01 00:00:00.000202303,74.0,PIX ENVIADO,9.0,ec9704a9dbe3953d512a958a39116f198461deacd52c356d929191e0a9d9abed,2025-07-02
2023-03-12,1970-01-01 00:00:00.000202303,32.0,PIX ENVIADO,10.0,5fe75ba1aa4fa8801ac07b6213080daeec3c3621102b18bfdc764a41f464b1fe,2025-07-02
2023-03-12,1970-01-01 00:00:00.000202303,2711.0,PIX ENVIADO,40.0,94e66a538f29e5ec2e3e79db7482d0d11d6e9eff1680958f3e3538fac17779f8,2025-07-02
2023-03-12,1970-01-01 00:00:00.000202303,72.0,PIX ENVIADO,8.0,3baa5f5bd579aaeeac41cdd6410933185645553ffd7053bb3ac3b75b248bd030,2025-07-02
2023-03-12,1970-01-01 00:00:00.000202303,986.0,PIX ENVIADO,6.0,b58d2a84787bba45131924d467c80d7fb4feb050228ae88e38581aa686a0ac0e,2025-07-02
2023-03-12,1970-01-01 00:00:00.000202303,116.0,PIX ENVIADO,20.0,d45849b0d6b89f2a1ad12e5c493207dd79c2f24c92163c6f5a10517d63f4aca0,2025-07-02
2023-03-12,1970-01-01 00:00:00.000202303,90.0,PIX ENVIADO,19.0,763692b27f7c8404034b0e2a6487606c9d0dbbd2ab87232e04f0a28c78b3f283,2025-07-02
2023-03-12,1970-01-01 00:00:00.000202303,139.0,PIX ENVIADO,8.0,1eac195e35094364b2b80d4254ba83e10c0d19ab84b7bd1c20f363d4c367a4f9,2025-07-02
2023-03-12,1970-01-01 00:00:00.000202303,385.0,PIX ENVIADO,30.0,04a159fa4ab473015a32abade8bfc0f9f7ee392762f6ba6d44d1ffddd6427397,2025-07-02
2023-03-12,1970-01-01 00:00:00.000202303,1124.0,PIX ENVIADO,19.76,2ea000cfcc73ebb76516ade7bb499772bddd254ac49ff0a12f5a2870f14f1d87,2025-07-02
2023-03-12,1970-01-01 00:00:00.000202303,75.0,PIX ENVIADO,16.0,06f9901ad194ffd559c0e17ee4952135ff5794fe06b93c303f80971aa14b4b84,2025-07-02
2023-03-12,1970-01-01 00:00:00.000202303,728.0,PIX ENVIADO,150.69,39da88672eb2973d79421ad291bc5e2558b429135c7944a938a7b539b42aade5,2025-07-02
2023-02-12,1970-01-01 00:00:00.000202302,421.0,PIX ENVIADO,60.0,6e02af9335395db202fe5cc6c2e5320aec6295f8aaf2f208f78046c7a9c30ec7,2025-07-02
2023-02-12,1970-01-01 00:00:00.000202302,471.0,PIX ENVIADO,20.0,0abee2e777b890a665979fc5e1071e5ea0440a15ae1e0c36c736cc1977a941af,2025-07-02
2023-02-12,1970-01-01 00:00:00.000202302,74.0,PIX ENVIADO,9.0,eced724c52f89e84241e9da86608a3c5e4e94592ee883d52c7aef6e3f8ca5a25,2025-07-02
2023-03-12,1970-01-01 00:00:00.000202303,96.0,PIX ENVIADO,310.0,1dedbf5582c0d82059a9fb8fe378d64f85340dc719caa6bc58eed565e941844a,2025-07-02
2023-03-12,1970-01-01 00:00:00.000202303,280.0,PIX ENVIADO,20.0,bd9507e71bd41dae23d51d2473d3576ba85d902aa9e18aed53958bc91ac1855a,2025-07-02
2023-03-12,1970-01-01 00:00:00.000202303,30.0,PIX ENVIADO,71.0,bade33de7ad25034896e12ec2297f0ad9e0f9ecb8e18cd40ab8f1c7e37872fab,2025-07-02
2023-03-12,1970-01-01 00:00:00.000202303,314.0,PIX ENVIADO,5.0,f13ca66764a682b875fb418b61e428e70447ca97ae0c4e0874ddd6728b042f59,2025-07-02
2023-02-12,1970-01-01 00:00:00.000202302,596.0,PIX ENVIADO,8.0,e093733d873366599fd7675cf6cdff9138030b5a708b48456f859d492d054639,2025-07-02
2023-02-12,1970-01-01 00:00:00.000202302,97.0,PIX ENVIADO,7.5,8ae56330b70ed7376e3f2918e26408a7805a535dde3417e65134fb44580d5eaa,2025-07-02
2023-02-12,1970-01-01 00:00:00.000202302,125.0,PIX ENVIADO,15.0,35a1e69a74d9b78cbe02b209b009b7d2a5476517f229854310b46958bc3ba541,2025-07-02
2023-02-12,1970-01-01 00:00:00.000202302,444.0,PIX ENVIADO,18.0,d579aad820ad2d538892764b74b0b0e4cc76efedd2e988686e5be7dcce4bafa1,2025-07-02
2023-02-12,1970-01-01 00:00:00.000202302,460.0,PIX ENVIADO,12.0,5774c91c53b3c3fba8fea06103892a992bc40ba511e730adf2120041d668ed74,2025-07-02
2023-03-12,1970-01-01 00:00:00.000202303,472.0,PIX ENVIADO,7.0,2fee4b378cbf5466ca51b47b0381ce9ffd59e39782a9fc4bafc1ce8602c4a3ba,2025-07-02
2023-03-12,1970-01-01 00:00:00.000202303,324.0,PIX ENVIADO,30.0,b1f0c553a3ef0014d61c130dce2074b9cc997bf4d620ff49bdc834e5515bac87,2025-07-02
2023-03-12,1970-01-01 00:00:00.000202303,145.0,PIX ENVIADO,76.0,737300f5b92dbb7ffc8531d1a7d4a9d4ee646c926b79b2d953e48e1d3ea5c880,2025-07-02
2023-03-12,1970-01-01 00:00:00.000202303,136.0,PIX ENVIADO,22.0,68d88dce0c16687f7efea905d4d0a5fedf94dc1f6462600588df2c9d72047889,2025-07-02
2023-03-12,1970-01-01 00:00:00.000202303,70.0,PIX ENVIADO,50.0,666acb177b804c920ad152199e6b600bf97421a2d2eab8ae7368b2d45e42d7e1,2025-07-02
2023-03-12,1970-01-01 00:00:00.000202303,161.0,PIX ENVIADO,910.0,50ed8d6989c70e9c425a17c7332a2bb28f5a62d18ce62299c6077b195e4b09e6,2025-07-02
2023-03-12,1970-01-01 00:00:00.000202303,244.0,PIX ENVIADO,6.0,cbbb589f9f69e149967353e9cf548731adde7547562db1f329d46cf5f7e77c8e,2025-07-02
2023-02-12,1970-01-01 00:00:00.000202302,24.0,PIX ENVIADO,8.0,f61660cbb7b00989b0b0bba4c9f5068bdb6d22061045f793bb89b6a207472489,2025-07-02
2023-02-12,1970-01-01 00:00:00.000202302,236.0,PIX ENVIADO,20.0,1d26d800e44a82f6125b788c07a39f50b214b607e8393429ce4521d0865fc2c1,2025-07-02
2023-02-12,1970-01-01 00:00:00.000202302,156.0,PIX ENVIADO,250.0,67288580389f6595e7bad8034777256cad0717983745542ae4858d2d21de415c,2025-07-02
2023-02-12,1970-01-01 00:00:00.000202302,37.0,PIX ENVIADO,6.0,6a2bcfe123d8cdfb70ecaf15ed15e6b2196ff346dc58bc22dc0d66b1e02a2102,2025-07-02
2023-02-12,1970-01-01 00:00:00.000202302,323.0,PIX ENVIADO,121.9,c8316962541653e617f56abd4767cafdc21777e6b9230750138496672b01dec3,2025-07-02
2023-02-12,1970-01-01 00:00:00.000202302,595.0,PIX ENVIADO,11.0,a575bf9c69e57c879c413b2b60be64285ce73b601f58b30e559c52ee1fea065d,2025-07-02
2023-02-12,1970-01-01 00:00:00.000202302,278.0,PIX ENVIADO,20.0,3deb76e62c82707734c3c5489daee5b38c2f6685fcf0ad5070aa1bea7bb15d0c,2025-07-02
2023-02-12,1970-01-01 00:00:00.000202302,409.0,PIX ENVIADO,9.29,b5c539127f1822f463093a738d2e6fd48fb164df0776deec235c26ed3348dc55,2025-07-02
2023-02-12,1970-01-01 00:00:00.000202302,30.0,PIX ENVIADO,8.73,2b22750d1fa980767468de980df3904ea5c88e2f71d9eba7a32ca77cb7577d93,2025-07-02
2023-02-12,1970-01-01 00:00:00.000202302,304.0,PIX ENVIADO,9.99,5bff1514d10f4354c9395b705f7a636b25e8b82316812c905a2ab564fc2e17f6,2025-07-02
2023-04-12,1970-01-01 00:00:00.000202304,170.0,PIX ENVIADO,110.0,d433bdc37ccb346f0b3c963377e808d73dfc950f0eb446777ee0d2bfa24cd47a,2025-07-02
2023-04-12,1970-01-01 00:00:00.000202304,96.0,PIX ENVIADO,90.0,1845abe888c0df7fb547483d46eab58c607893813be7609687ebcb537db16e7a,2025-07-02
2023-04-12,1970-01-01 00:00:00.000202304,420.0,PIX ENVIADO,20.0,a4136ffaa39a8d27b505364e56ae9b7b610d1b9059205bc235acba06e3291095,2025-07-02
2023-04-12,1970-01-01 00:00:00.000202304,165.0,PIX ENVIADO,760.0,a3f3624b0cace3e890cffb305f612115bfcf507eadb598d9c46b8ad820dbed3c,2025-07-02
2023-04-12,1970-01-01 00:00:00.000202304,406.0,PIX ENVIADO,8.0,1c4f093f897cf8883f4485593ddf47789adb795ed3c0b20987340c8bb07932f9,2025-07-02
2023-04-12,1970-01-01 00:00:00.000202304,225.0,PIX ENVIADO,22.0,76a2b6809d1a8440f80503591fa796df56a0e1680b11ffe1b05c2514043d6809,2025-07-02
2023-04-12,1970-01-01 00:00:00.000202304,17.0,PIX ENVIADO,30.0,cc17f089a86adc709de527c838714ed3b2b7b778492d4448bc3137eed3e5bb1f,2025-07-02
2023-04-12,1970-01-01 00:00:00.000202304,501.0,PIX ENVIADO,110.0,35edc9c139c07821095cf840958b2f20b55d222ed6b1b0df7c36e35a5faa91ce,2025-07-02
2023-04-12,1970-01-01 00:00:00.000202304,373.0,PIX ENVIADO,538.0,da48d8964fa2e70e55144c53d22c8805cefdb7e8696abd1e72147a6539f50010,2025-07-02
2023-04-12,1970-01-01 00:00:00.000202304,634.0,PIX ENVIADO,6.0,869df2818d8c6892afb9b82411abf3fcb4764c5f2d749f35e51f29134e06e19c,2025-07-02
2023-04-12,1970-01-01 00:00:00.000202304,656.0,PIX ENVIADO,200.0,10f6a559220137c2bd6c93b6dbd47e3eca83fc0bbba2dae05328e55eac43a15e,2025-07-02
2023-04-12,1970-01-01 00:00:00.000202304,825.0,PIX ENVIADO,90.0,b20f3b8992dc709f2dba25e1da0bfaedc7c40e86668fc89970af6d5f14b04098,2025-07-02
2023-04-12,1970-01-01 00:00:00.000202304,145.0,PIX ENVIADO,100.0,1766eab5c0ea29e65fa4065c356f3f3cf31f0e3131ae9beb559734c2cadf9af8,2025-07-02
2023-04-12,1970-01-01 00:00:00.000202304,209.0,PIX ENVIADO,30.0,fc9c73e0fb35d083ef4fd3a5057eaf649fcf4f94655df23c6e7718319a3ed26a,2025-07-02
2023-04-12,1970-01-01 00:00:00.000202304,27.0,PIX ENVIADO,9.0,45afe188ad9cc75cb508e7e6d8bd95e25e7a148deea3f4cfd49f85cd66ab59fd,2025-07-02
2023-04-12,1970-01-01 00:00:00.000202304,395.0,PIX ENVIADO,17.560000000000002,be4110e02d2cfff836bba1cb6abb36b7530aa2236c8ee8a85c1bb04ce8bd2601,2025-07-02
2023-04-12,1970-01-01 00:00:00.000202304,205.0,PIX ENVIADO,510.0,78a3e7f9a6ff809eaad2e256957796aed6c2a09f72cb15d2bb6e49449e9b159e,2025-07-02
2023-04-12,1970-01-01 00:00:00.000202304,86.0,PIX ENVIADO,179.0,6d62aa66d8499efe3e22584dbc4236afa6de74bebc3d406cfda0cf3d4d6a9a34,2025-07-02
2023-04-12,1970-01-01 00:00:00.000202304,2828.0,PIX ENVIADO,99.11,6ad28f47d3e1dc38a4d7cce56b74b40431e945c5960a544e6999473e5cbc7c26,2025-07-02
2023-04-12,1970-01-01 00:00:00.000202304,1345.0,PIX ENVIADO,310.0,86424798486d534990140e270ba59b4b849f0e609a92daeae63f32153e256657,2025-07-02
2023-04-12,1970-01-01 00:00:00.000202304,402.0,PIX ENVIADO,8.0,cdd07e7585c367e6103e2aa5a9cd79111eb03ba97472281abdfcd1e379d68c4a,2025-07-02
2023-02-12,1970-01-01 00:00:00.000202302,1167.0,PIX ENVIADO,30.0,84be4471b901b8401824b48199ba85386e73170f644554332320da3c63167a83,2025-07-02
2023-02-12,1970-01-01 00:00:00.000202302,139.0,PIX ENVIADO,13.22,6bb4d29903fda1fb286f9273d660056dd1b3e7aca8298701d7496a9a9bb3e63c,2025-07-02
2023-02-12,1970-01-01 00:00:00.000202302,2643.0,PIX ENVIADO,50.0,bcd675e7f72f1e54fd82dfabc1b34450f9889e916551ecabb17183b6ca40fe9f,2025-07-02
2023-04-12,1970-01-01 00:00:00.000202304,1964.0,PIX ENVIADO,16.0,1994985b0fb0f88912eff7fce7229cccafee44e1b8004325972bb7b1976beee9,2025-07-02
2023-04-12,1970-01-01 00:00:00.000202304,171.0,PIX ENVIADO,80.0,6b035e6f803da762aa1d196dce94f55920cb0b42e6266739c752996e1784ff52,2025-07-02
2023-04-12,1970-01-01 00:00:00.000202304,510.0,PIX ENVIADO,12.8,1cfb592af93fdec8ce32edf2e145239203f3192e0fd2922e3ef44c5e87b1f784,2025-07-02
2023-04-12,1970-01-01 00:00:00.000202304,630.0,PIX ENVIADO,20.0,28cdeb8f2a95193415fbdea9c9cf680d206e66c903f4ceceb39228f19d405a89,2025-07-02
2023-04-12,1970-01-01 00:00:00.000202304,1967.0,PIX ENVIADO,8.0,648fee86e9a623f6d8dcab75eb5faeb4d395086ee65ef08da4fcc80180bf2ffd,2025-07-02
2023-04-12,1970-01-01 00:00:00.000202304,1966.0,PIX ENVIADO,50.0,4f833ba390b049ba43187acb8845b18ddcef794761df58995ea047aca6cb0950,2025-07-02
2023-04-12,1970-01-01 00:00:00.000202304,229.0,PIX ENVIADO,30.0,0d2ffd0af8ba57416dfabc63328d0df29e971c4bf89c764d9d4f8f3a2c39d8f5,2025-07-02
2023-04-12,1970-01-01 00:00:00.000202304,172.0,PIX ENVIADO,40.0,318da21927d658db68e9419bd5cf64229556f56e0591c457265ad82ea0ef5c7f,2025-07-02
2023-04-12,1970-01-01 00:00:00.000202304,2265.0,PIX ENVIADO,8.99,22888a58524d0f17cfe2109048c0d55d88482d31f71ac66757d492b4b438757c,2025-07-02
2023-04-12,1970-01-01 00:00:00.000202304,184.0,PIX ENVIADO,400.0,6971449aec6e4e31a37cf3ce223721dec134573e98f995366bbb9b590aa0b732,2025-07-02
2023-04-12,1970-01-01 00:00:00.000202304,223.0,PIX ENVIADO,20.0,4b78f967ce834da2600a96fe4d2b5ec5a4c496410b63979f9c502769fd404d22,2025-07-02
2023-04-12,1970-01-01 00:00:00.000202304,245.0,PIX ENVIADO,66.37,ab0e4c97c0ebc43d975c729e5f1e87b7093df2fa95b72ce73e37c4c6bcf3aac1,2025-07-02
2023-04-12,1970-01-01 00:00:00.000202304,742.0,PIX ENVIADO,8.35,18a9896f432ea9b8d44e442e964df7924f3fbef7066ce4a9256c206968809efa,2025-07-02
2023-04-12,1970-01-01 00:00:00.000202304,329.0,PIX ENVIADO,59.0,f958a872735b205899fb9d7eabbe5cc7cb6addcf5434ec34cde1162c065b8f57,2025-07-02
2023-04-12,1970-01-01 00:00:00.000202304,2831.0,PIX ENVIADO,79.0,c2a38c15c2d4da9e87f75721f3c26edaf69f63c20c475a2586b8ec02730d565b,2025-07-02
2023-03-12,1970-01-01 00:00:00.000202303,138.0,PIX ENVIADO,17.0,0528186e9d398cea2d6dfbc40074fff2fff57046809aecfe5f32b2d7a47831c8,2025-07-02
2023-03-12,1970-01-01 00:00:00.000202303,342.0,PIX ENVIADO,24.25,9b37458bfe25d9d7e9ba89dbe74af7f2249a1b629bde7aea75907399617a8119,2025-07-02
2023-03-12,1970-01-01 00:00:00.000202303,1125.0,PIX ENVIADO,210.0,424a1ab88fe3c575c850065f3dd4485744bf33893c7bdcd3c28656e4114ea414,2025-07-02
2023-03-12,1970-01-01 00:00:00.000202303,647.0,PIX ENVIADO,20.0,4a3e43732540b4d7114c446dae4c93e11ca913e4de2a5b29c97d793dcfa70bf9,2025-07-02
2023-03-12,1970-01-01 00:00:00.000202303,112.0,PIX ENVIADO,110.0,4f83c5de79db1b6d29c2b82e07714bafbb6cc62ac95245df5308a9162b43e2f7,2025-07-02
2023-03-12,1970-01-01 00:00:00.000202303,403.0,PIX ENVIADO,30.0,9fb2deab3c53bfd36a3b54e426060a7b6b60b239d3cf9d625554c94547278a7b,2025-07-02
2023-03-12,1970-01-01 00:00:00.000202303,1123.0,PIX ENVIADO,310.0,cfd224edfe18ce4179af93134ae1767b7efcd84a96e810a3d661134797a6ed37,2025-07-02
2023-03-12,1970-01-01 00:00:00.000202303,137.0,PIX ENVIADO,75.5,dcbe2992075a8737b2e1e4f9f7a62f96524c9e0d099f9a69907b0e811d4e04dc,2025-07-02
2023-03-12,1970-01-01 00:00:00.000202303,273.0,PIX ENVIADO,197.0,e307554d57ab82f5dea4374040f8fb21c282079696eb8999e3fa31447812b23c,2025-07-02
2023-03-12,1970-01-01 00:00:00.000202303,1674.0,PIX ENVIADO,28.0,467bd8c3562e91fada0b0d58c8ad66b0928467049764c4b4b065309154770ff5,2025-07-02
2023-03-12,1970-01-01 00:00:00.000202303,177.0,PIX ENVIADO,6.0,eae23e12d2c84a67fd6f3b33316be2fde4f8af67173021630f1e8b044959f7ef,2025-07-02
2023-03-12,1970-01-01 00:00:00.000202303,150.0,PIX ENVIADO,15.0,c607a9cf1db5bc9a60b85307b42f489be0f2302a1599eca58d8718b61ff8ec4c,2025-07-02
2023-03-12,1970-01-01 00:00:00.000202303,175.0,PIX ENVIADO,8.0,16b5b76f437688d997d25a431ea810b5a42459fc64cbb2539beba50d885d5ebe,2025-07-02
2023-02-12,1970-01-01 00:00:00.000202302,36.0,PIX ENVIADO,41.0,ddf53e68e4d4559bd46307fcdbd2e0b8be51ff5e20971a0444887698175139ab,2025-07-02
2023-02-12,1970-01-01 00:00:00.000202302,588.0,PIX ENVIADO,7.0,75f1f858d84d79e32cc36c51bf12bcac4f968cdd31a86ef32b55bc898cab9b69,2025-07-02
2023-02-12,1970-01-01 00:00:00.000202302,44.0,PIX ENVIADO,30.0,c5b24eab8867a46d139d83f1b31252d2252380c744516d772c7f8331093d2b82,2025-07-02
2023-02-12,1970-01-01 00:00:00.000202302,869.0,PIX ENVIADO,68.0,6eb0355fc57ef29b30a973e8f73b5225cf775827fb4478a56184c9c81c584536,2025-07-02
2023-02-12,1970-01-01 00:00:00.000202302,29.0,PIX ENVIADO,40.0,ac748994884d65291c17af103c3526e85d153195ddedefd6e39224cbf5974cfb,2025-07-02
2023-02-12,1970-01-01 00:00:00.000202302,871.0,PIX ENVIADO,20.0,701b115e26fca0925a49354a7675919e330e5b2c2eaf45f51ba43abe66d98afe,2025-07-02
2023-02-12,1970-01-01 00:00:00.000202302,465.0,PIX ENVIADO,11.0,3fe0a3167d686939a9f0cd5abd2810a19b9b52124066fdfd3792d5c1fb307a40,2025-07-02
2023-02-12,1970-01-01 00:00:00.000202302,82.0,PIX ENVIADO,13.79,cead1dfde30da2e52baf47eec2de5c8ca6072b17fbf9b712addf01ce64523ef0,2025-07-02
2023-02-12,1970-01-01 00:00:00.000202302,192.0,PIX ENVIADO,30.0,16e9aa44787d9805343f825efe1db086c30e8dd5df0d8736d27677be5813476c,2025-07-02
2023-02-12,1970-01-01 00:00:00.000202302,286.0,PIX ENVIADO,40.0,0b3948e311102f3dfbf849cf948431978c3792ce411c059806aff8e3b2cad625,2025-07-02
2023-02-12,1970-01-01 00:00:00.000202302,38.0,PIX ENVIADO,8.0,3628114b175b18f0b78eba0d2b3e6f2d637a348140edeb446a9dec1ebfd61ad8,2025-07-02
2023-02-12,1970-01-01 00:00:00.000202302,461.0,PIX ENVIADO,11.0,fff5ebaada97cfa255b1f83ebdad67bb07d27c7671ee929921dd0357049a96fd,2025-07-02
2023-03-12,1970-01-01 00:00:00.000202303,330.0,PIX ENVIADO,20.0,a81a0d7c8bf5bc0e8298ab828413635a0d2a813c70594cad5925013b9e4ea749,2025-07-02
2023-03-12,1970-01-01 00:00:00.000202303,2709.0,PIX ENVIADO,70.0,83538692fa5a1369f6b51772afdb6bca14f357f89d5d366bc10a19de0e6cb7f0,2025-07-02
2023-03-12,1970-01-01 00:00:00.000202303,160.0,PIX ENVIADO,30.0,1b282fc9d47dfcd988eb33c516715a32b3e5035f12b03e2bf6e47f4b52199434,2025-07-02
2023-03-12,1970-01-01 00:00:00.000202303,179.0,PIX ENVIADO,8.0,a75b3a2395bf279467bc007bd0825ce366964b8149285a2879cfdf30d58a180f,2025-07-02
2023-03-12,1970-01-01 00:00:00.000202303,402.0,PIX ENVIADO,30.0,5f0f756cce37b025ef7a930255b595bb2092a75614650bd9c036985697ad7812,2025-07-02
2023-03-12,1970-01-01 00:00:00.000202303,610.0,PIX ENVIADO,29.49,48034602090eb0a684f616d08295b4e79d14cf2d27b6b9a5387971e477ca2ca4,2025-07-02
2023-03-12,1970-01-01 00:00:00.000202303,144.0,PIX ENVIADO,118.0,226d2f8b9a9f5efa077cfbf75bbb2be0a1d1d3112dab30e1c1240bef438b6101,2025-07-02
2023-03-12,1970-01-01 00:00:00.000202303,1147.0,PIX ENVIADO,66.97,535369ed9adf342b14d8fee9633971427d9b48c3940ae3daa637cd9625fa0e00,2025-07-02
2023-03-12,1970-01-01 00:00:00.000202303,702.0,PIX ENVIADO,30.0,15017d598c67a56bc03b2896232e150b1061d2291bb087f1fbb770e9b7e2a718,2025-07-02
2023-03-12,1970-01-01 00:00:00.000202303,1146.0,PIX ENVIADO,170.0,70979e8d53f7d22464d5ae58f7b82237cf3cf5bd6a26d7cd1936ed2f20ce1747,2025-07-02
2023-03-12,1970-01-01 00:00:00.000202303,180.0,PIX ENVIADO,50.0,c55a1003e004fb6e691e5e23bdbde336103b58badb0acd1eb9405e311d29d918,2025-07-02
2023-03-12,1970-01-01 00:00:00.000202303,196.0,PIX ENVIADO,360.0,878f90184d144ff84e478d528930d8f0f93bbdde456d24c8ba1609b6e7f776d0,2025-07-02
2023-03-12,1970-01-01 00:00:00.000202303,52.0,PIX ENVIADO,110.0,9eb0e9f6d4d0066bcd63799853e95e85ada9d3c91220b38225f27a29bcad853a,2025-07-02
2023-03-12,1970-01-01 00:00:00.000202303,196.0,PIX ENVIADO,19.0,02084ddf7e22da952f754cb38bcf49cf01c1abba76453955b96ecdf4dc6f9b5b,2025-07-02
2023-03-12,1970-01-01 00:00:00.000202303,147.0,PIX ENVIADO,42.0,0b9ac33d3ecee93fa75bdc58f086d5c2d6d7d4acf78d1465a19889a46ccee620,2025-07-02
2023-03-12,1970-01-01 00:00:00.000202303,47.0,PIX ENVIADO,7.0,e3f73d03b650c91ee862202cba5c7679814d7079732b3201de7896f9d31593f7,2025-07-02
2023-03-12,1970-01-01 00:00:00.000202303,246.0,PIX ENVIADO,122.99,8ae07b843ab5e980d7e977616e21d08c45e2a07dbd64507135a69838966c552f,2025-07-02
2023-03-12,1970-01-01 00:00:00.000202303,708.0,PIX ENVIADO,52.65,be014995916e1a20fb3e8085d2266a2a1adc2c9545943db197c280ccb586f7c2,2025-07-02
2023-03-12,1970-01-01 00:00:00.000202303,146.0,PIX ENVIADO,304.82,2cb5481e4a629eb6563d21c5bb72012162aca552c3c648df574b970c9d8fc05b,2025-07-02
2023-03-12,1970-01-01 00:00:00.000202303,250.0,PIX ENVIADO,30.0,8b618f257a126f5038470257470080a3dd304e8f9bf7ba5c1381579e7d63abde,2025-07-02
2023-03-12,1970-01-01 00:00:00.000202303,411.0,PIX ENVIADO,30.0,5cba866ce499d84f0fe02ec421d4fb00956619719182c282ec609459664f6c59,2025-07-02
2023-03-12,1970-01-01 00:00:00.000202303,866.0,PIX ENVIADO,60.0,01cbc63c908a47bf6a1064b191e80f2f1a69631b5a2539858c890537791fd7ee,2025-07-02
2023-03-12,1970-01-01 00:00:00.000202303,76.0,PIX ENVIADO,66.41,ebdcfa28736ed1698b17d6148104a157b8a36a81fabbb60fe15089746db80bb1,2025-07-02
2023-03-12,1970-01-01 00:00:00.000202303,75.0,PIX ENVIADO,30.0,e6a2f2aa7c458af9d7386b53949ba139669e661fb6f93cfe8414e341439e4b53,2025-07-02
2023-03-12,1970-01-01 00:00:00.000202303,148.0,PIX ENVIADO,9.0,d11e32c917e91c97e33bfe3230c3cae2fb3b30c66e55b60e47568d4b4b92db82,2025-07-02
2023-03-12,1970-01-01 00:00:00.000202303,24.0,PIX ENVIADO,40.0,a509046e954bbf86496a16b812c9d4cf97d94afcb340b789247cbf17fc878b84,2025-07-02
2023-03-12,1970-01-01 00:00:00.000202303,105.0,PIX ENVIADO,60.45,c1c8da9e3bebf65707407d2a39fbe7f0963bdc81958ed156cdc567b16ce8d26b,2025-07-02
2023-03-12,1970-01-01 00:00:00.000202303,105.0,PIX ENVIADO,15.0,6bffe1efbc90087d9ac82f658b36879072c53dd21a58b65c86a2ae1cb88d4b81,2025-07-02
2023-03-12,1970-01-01 00:00:00.000202303,409.0,PIX ENVIADO,176.0,3bfec278fa3d0316be7aace984eaa9f3a42efdae385a42adde32fb85883c4ba8,2025-07-02
2023-03-12,1970-01-01 00:00:00.000202303,122.0,PIX ENVIADO,128.70999999999998,df9fc41731082252786a39a6f5df2e0bffea2e0a2a0ec66d292d2a8a16f6788e,2025-07-02
2023-04-12,1970-01-01 00:00:00.000202304,453.0,PIX ENVIADO,50.0,df0ae9181c8e1a961739f6239322f3b4f36391cc58bc635d4fc8913a341bac03,2025-07-02
2023-04-12,1970-01-01 00:00:00.000202304,264.0,PIX ENVIADO,30.0,7dbf561cb7e46987b655e8eef8335590464e548e37a262e05b3b57dffdd2675e,2025-07-02
2023-04-12,1970-01-01 00:00:00.000202304,526.0,PIX ENVIADO,9.99,157161dbd2b28fc862ab4cfcea12864ad9c36a4965da389c5208532ddde24b0a,2025-07-02
2023-04-12,1970-01-01 00:00:00.000202304,632.0,PIX ENVIADO,38.15,fbf63182ecba7f2018d0d09d97b5c7995c75ea191584286b7b8d38d1c1200484,2025-07-02
2023-04-12,1970-01-01 00:00:00.000202304,404.0,PIX ENVIADO,20.0,c82a1c7371437de89b6e27e1ed548cb12d2da4abdddfb6d5f7ed71f8fb53aacf,2025-07-02
2023-04-12,1970-01-01 00:00:00.000202304,417.0,PIX ENVIADO,48.0,8114b7cbac5cb24c10bcd2b8d61f240ce7a532f101f0d30d8c3bb751eccdea2b,2025-07-02
2023-04-12,1970-01-01 00:00:00.000202304,499.0,PIX ENVIADO,230.0,84f8960cc3a86a4411ed9fe4f6d107fd303accfeccbf17993b6ac18d7c1d3b5b,2025-07-02
2023-04-12,1970-01-01 00:00:00.000202304,113.0,PIX ENVIADO,580.0,5a9f4a89cc7e80e1cd017a9321466fdc17cab56bb04a08696e544feb1c0c4eec,2025-07-02
2023-04-12,1970-01-01 00:00:00.000202304,40.0,PIX ENVIADO,33.870000000000005,ef3f432eb57341d5fee1009dd126c5ad14d6c1861d2f667d32e5e7bde5980d35,2025-07-02
2023-04-12,1970-01-01 00:00:00.000202304,745.0,PIX ENVIADO,63.1,a1f37a9100c84b0459c60412d3cf45d362f1f23f9f7f8c6fb560de3718c48d39,2025-07-02
2023-04-12,1970-01-01 00:00:00.000202304,408.0,PIX ENVIADO,20.0,7acfb702c50f190c25ac9204169244087182700fdcaeb0a84f3753c328b86d3d,2025-07-02
2023-04-12,1970-01-01 00:00:00.000202304,165.0,PIX ENVIADO,40.0,0b133df7df9cd8821a8910be2462296106db84a6c948a839d33b91f558e1d252,2025-07-02
2023-04-12,1970-01-01 00:00:00.000202304,831.0,PIX ENVIADO,20.0,c7ec891d7e5d1171712d0851a63ca2b89fff03fc4d204a8e18f614648350501a,2025-07-02
2023-04-12,1970-01-01 00:00:00.000202304,290.0,PIX ENVIADO,59.0,124ff88bba4e9a9480f7ad7dab664b03782b0f6354097fda63efedbd4f38609c,2025-07-02
2023-04-12,1970-01-01 00:00:00.000202304,187.0,PIX ENVIADO,18.0,013e38dd613f31879af41c903ae99c1afb4525a371fda7eef07a6cbcecfe3bf2,2025-07-02
2023-04-12,1970-01-01 00:00:00.000202304,107.0,PIX ENVIADO,170.0,e7354a169104a6984ff9666cf7410404e8f22cca8db2dcd82f3350dd62b178f0,2025-07-02
2023-04-12,1970-01-01 00:00:00.000202304,106.0,PIX ENVIADO,37.0,2f42b6302432584dd2d798b0f01a86425aac83edf533c1d15a83c8ecf80c85b7,2025-07-02
2023-04-12,1970-01-01 00:00:00.000202304,410.0,PIX ENVIADO,30.0,a112b396c9970a0a46b4410699612cadc3e582511af02895fd4603bc1e882bc4,2025-07-02
2023-04-12,1970-01-01 00:00:00.000202304,1442.0,PIX ENVIADO,30.0,c68dfb17359e37f5187a6f0956f2104efe56b72d529893c65d151721f808c379,2025-07-02
2023-04-12,1970-01-01 00:00:00.000202304,1131.0,PIX ENVIADO,8.0,88bcecf29a010c4dd06880a7528bab981091990a6d5257f28668ca079e7e8ae8,2025-07-02
2023-04-12,1970-01-01 00:00:00.000202304,523.0,PIX ENVIADO,40.0,dfcde9a4203c6c0f478c266852c2cec876fc55bfb6137cc775604308e8096203,2025-07-02
2023-02-12,1970-01-01 00:00:00.000202302,247.0,PIX ENVIADO,5.0,627a6d1881381f452b4f3118d360b78a93d01c84893d7f20323b781c3c8e7456,2025-07-02
2023-02-12,1970-01-01 00:00:00.000202302,2633.0,PIX ENVIADO,30.0,47127d787dd57d159508a1bf230889d0f77dbedd5766cf6eb1c8ed57fbc4e26d,2025-07-02
2023-02-12,1970-01-01 00:00:00.000202302,287.0,PIX ENVIADO,28.0,dc48078b57414665f1a6d0b278e9e63891aa02df22f236fb5c9613eb9b24030f,2025-07-02
2023-02-12,1970-01-01 00:00:00.000202302,428.0,PIX ENVIADO,29.9,33e6c5bc7a96b6b1fa4a1aff641be2e1b481a5d0805104c579f03d8fca4a82c6,2025-07-02
2023-02-12,1970-01-01 00:00:00.000202302,466.0,PIX ENVIADO,110.0,8651fd8ffc01ad419d2cf0818b951619933b39304c59ce9d86b8d11925b80927,2025-07-02
2023-03-12,1970-01-01 00:00:00.000202303,407.0,PIX ENVIADO,30.0,de71b49f433a991c518068135129020750a7b80d932c5f48e98732b6f75a264a,2025-07-02
2023-03-12,1970-01-01 00:00:00.000202303,60.0,PIX ENVIADO,48.0,e27c750e62deb5525aaa30978b5f71936f65c267f48001b759fb9c95f3e352be,2025-07-02
2023-03-12,1970-01-01 00:00:00.000202303,121.0,PIX ENVIADO,60.0,9d4c813a622923b3dd39e783ca9bb1f8b24ad89ff4ec385063af9cd8b20f2e46,2025-07-02
2023-03-12,1970-01-01 00:00:00.000202303,706.0,PIX ENVIADO,310.0,cbc8c5ae47daf29879e4eaa4e40376e27b718dee4ae514e8b1b8860869e0bed2,2025-07-02
2023-03-12,1970-01-01 00:00:00.000202303,636.0,PIX ENVIADO,208.0,a63d6a6a6d41b7a883a807b0ae93b184ce19f95805dc1809851eaeaec6d21d6d,2025-07-02
2023-03-12,1970-01-01 00:00:00.000202303,73.0,PIX ENVIADO,20.0,aff182dcadd492b3e23561559b3b09d9f397334d9fd2851644c94f588ed02a26,2025-07-02
2023-03-12,1970-01-01 00:00:00.000202303,236.0,PIX ENVIADO,43.41,79e76ef2ed8b243c14c41c8c9dc991a8f112540961ccd6f0db2d2f893d75b180,2025-07-02
2023-03-12,1970-01-01 00:00:00.000202303,148.0,PIX ENVIADO,11.0,c10826dce9e9c31d8a8a0a8bcf631f7a5b38673ff85517fce19c585c1693c388,2025-07-02
2023-03-12,1970-01-01 00:00:00.000202303,406.0,PIX ENVIADO,24.0,7b43991c4d671f8c0f08d7418358960c2343964fefb9d4ccb9a6bd78d97f2363,2025-07-02
2023-03-12,1970-01-01 00:00:00.000202303,1675.0,PIX ENVIADO,30.0,d419d4518aee0c216567bbc59447b121fab678f4f8043143ba8e5e0a103378a7,2025-07-02
2023-03-12,1970-01-01 00:00:00.000202303,795.0,PIX ENVIADO,110.0,be8cd082cb7729d50650c91e90553e32df582a4fad403bfc43b57ad5b0dc1e8b,2025-07-02
2023-03-12,1970-01-01 00:00:00.000202303,448.0,PIX ENVIADO,12.9,5871990258219c1451b9a6459fa72a612b9e3fd91584850883d79a463529eed2,2025-07-02
2023-03-12,1970-01-01 00:00:00.000202303,1676.0,PIX ENVIADO,30.0,7e8f2a81861e3ac0fffe30b0e3e1e5ef187eaf66f0d877d3538714d30ea48a3b,2025-07-02
2023-03-12,1970-01-01 00:00:00.000202303,178.0,PIX ENVIADO,6.0,a90b6b854cc69b35a48e43588ec25ef58ec7db82b3055db931d9d59ecc5e1441,2025-07-02
2023-02-12,1970-01-01 00:00:00.000202302,858.0,PIX ENVIADO,110.0,b1998957f7c9e2881138e7ac3e09c34d2c5a41968041effa049cb3d5b719f53f,2025-07-02
2023-02-12,1970-01-01 00:00:00.000202302,277.0,PIX ENVIADO,5.15,f1cb60a2d3de50f5a57941a95791653efbf38805499057ee828e974d187020ba,2025-07-02
2023-02-12,1970-01-01 00:00:00.000202302,857.0,PIX ENVIADO,62.9,e86f0d7b64e4938656dbef97ebb98bd4076a949b4e4ef94996640b5a92da1ad8,2025-07-02
2023-02-12,1970-01-01 00:00:00.000202302,25.0,PIX ENVIADO,90.0,977e541d7d02266770d9277c8c6a2848a68ba35a2d75da6b353a75937a75b255,2025-07-02
2023-02-12,1970-01-01 00:00:00.000202302,124.0,PIX ENVIADO,5.0,9b5a3e609709cb8f552aca019d52828e9186e453bc52dcd0c265f7608f47bedb,2025-07-02
2023-02-12,1970-01-01 00:00:00.000202302,415.0,PIX ENVIADO,20.0,64c47d36cd290d2c14320109b4b6bf6776791c61f766c4cb50bb8c1a6c8a9ab9,2025-07-02
2023-02-12,1970-01-01 00:00:00.000202302,854.0,PIX ENVIADO,79.26,5b55785004e13d76d1ea33c6563f22c49c5f4981d6d6752d704f70fe74a6d5bf,2025-07-02
2023-02-12,1970-01-01 00:00:00.000202302,414.0,PIX ENVIADO,42.13,83b15fa2768180d16893569a03ea7a4fee58607a4146c3dc472ef16ae93488fc,2025-07-02
2023-02-12,1970-01-01 00:00:00.000202302,309.0,PIX ENVIADO,20.0,cb8ca63ab7bb6b92d1b5ca3e3e1f8db95c145b0976f2c77b84d634cf900efadd,2025-07-02
2023-02-12,1970-01-01 00:00:00.000202302,283.0,PIX ENVIADO,14.0,f75aff22b6344e6ea34d0f8a7cf402ff0d77514b7414b79e16ad140ae835a54b,2025-07-02
2023-02-12,1970-01-01 00:00:00.000202302,474.0,PIX ENVIADO,110.0,dede335e1d816a4a2656a9ddd91299bfcb1b3be594cad1763015a67a2bcc01b5,2025-07-02
2023-02-12,1970-01-01 00:00:00.000202302,140.0,PIX ENVIADO,2678.0,dd4d9243dee34d775b2fa0c21f5902f208faaf2d83bcb03eb99d6d17ca2faa05,2025-07-02
2023-02-12,1970-01-01 00:00:00.000202302,137.0,PIX ENVIADO,40.0,6059d74376be39afb0095a4c194828134872495ffc51b71c7bd1c743a8ee4655,2025-07-02
2023-04-12,1970-01-01 00:00:00.000202304,184.0,PIX ENVIADO,8.0,d9402d77a8f422cb2adbc0f7ae91b55691bba7c7ebacfefe2d7b833755d4668c,2025-07-02
2023-04-12,1970-01-01 00:00:00.000202304,238.0,PIX ENVIADO,30.0,c959eaa5f9298fef33912c5ebd4645484316d47630d22b01f1b35674dc594b39,2025-07-02
2023-04-12,1970-01-01 00:00:00.000202304,412.0,PIX ENVIADO,60.0,852455d81fb22b39a17c4be11dae22d317792857364b0b3a798b1e03b6884d85,2025-07-02
2023-04-12,1970-01-01 00:00:00.000202304,84.0,PIX ENVIADO,110.0,7eae81798d05eb587b35ac4ab99961b8403808ec40c5b7f67a178c327896c0ce,2025-07-02
2023-04-12,1970-01-01 00:00:00.000202304,744.0,PIX ENVIADO,8.0,db0178539a9d8eef1d9a9530932afb749916a9f330e694fc63e8de91662dc52b,2025-07-02
2023-04-12,1970-01-01 00:00:00.000202304,144.0,PIX ENVIADO,30.0,237587a4c5d11f8fe2bd3f4457fb2e2377308d248d677570ccc210fe8e625648,2025-07-02
2023-04-12,1970-01-01 00:00:00.000202304,1972.0,PIX ENVIADO,60.0,dce08be6d21ee649bb87409a0a0e4cbf0282bb6280434689d4da92b36af93316,2025-07-02
2023-04-12,1970-01-01 00:00:00.000202304,395.0,PIX ENVIADO,30.0,23f88f87bd3139ca909a9b30dcd8bf3ec29ca3fcf4a99e7e904f7caf48006859,2025-07-02
2023-04-12,1970-01-01 00:00:00.000202304,741.0,PIX ENVIADO,28.0,37b39d09da3df449e306ba2dca57f93455b35c7fadaa68f2a5f8863e607b1aea,2025-07-02
2023-04-12,1970-01-01 00:00:00.000202304,754.0,PIX ENVIADO,410.0,c61f6588b11a66f7679601440bfd83c3170357f98d018cbc9aef103fbd0459ff,2025-07-02
2023-04-12,1970-01-01 00:00:00.000202304,37.0,PIX ENVIADO,246.0,a7747657dd061f7218578ee2f1b7049126b294fd77099a2027c023e25aa49c19,2025-07-02
2023-04-12,1970-01-01 00:00:00.000202304,484.0,PIX ENVIADO,5.0,6416dd190167c48bcf2bd5f37b77e161acef691a74538e09ea84ec795c9c30a1,2025-07-02
2023-04-12,1970-01-01 00:00:00.000202304,522.0,PIX ENVIADO,30.0,64e5db2d5a679b5a15cac93cf5953ff48ff242ec963796e2c43676b0c6b459c5,2025-07-02
2023-02-12,1970-01-01 00:00:00.000202302,293.0,PIX ENVIADO,18.0,318b87d872866fb4e8b49d227b2da91b67043284824cf70812bd9627992ecb5e,2025-07-02
2023-02-12,1970-01-01 00:00:00.000202302,820.0,PIX ENVIADO,70.0,d3fb24e69c1b619710712956a288617e04a85551e3595c94e722781d7d24876b,2025-07-02
2023-02-12,1970-01-01 00:00:00.000202302,313.0,PIX ENVIADO,169.0,b411484dcabfe1c8f22cbaa6dddd801e7a7f7759583c1df7c9cb8d36030411e1,2025-07-02
2023-02-12,1970-01-01 00:00:00.000202302,20.0,PIX ENVIADO,3.01,3f48d7adfb7e01e55dc7e3a4d181c92cfc44797a168e3ae12fe357e265fcdcb9,2025-07-02
2023-02-12,1970-01-01 00:00:00.000202302,305.0,PIX ENVIADO,28.0,df1402be514dbdbffaf11fe35daa978e9f7deb11b8b417f0eefce976dc020707,2025-07-02
2023-02-12,1970-01-01 00:00:00.000202302,235.0,PIX ENVIADO,55.0,7b9c27ff4c5bd53c8242551bf486216eaf1f0ba4b2d14a6ee189d6565d88fa42,2025-07-02
2023-02-12,1970-01-01 00:00:00.000202302,468.0,PIX ENVIADO,210.0,a4a0013cfaa6da03b04d1dd107e87ed35b933726192e11851502acfbb6306a69,2025-07-02
2023-02-12,1970-01-01 00:00:00.000202302,469.0,PIX ENVIADO,30.0,1033824bfdfff7ca794a2b94d4065c024bbc5d198faadb9255c585a22d160a51,2025-07-02
2023-02-12,1970-01-01 00:00:00.000202302,296.0,PIX ENVIADO,16.16,491eef88e5550fbb74176ed4f9b34474866f10bd52b8a9f2dc2ff3245161d4b2,2025-07-02
2023-04-12,1970-01-01 00:00:00.000202304,139.0,PIX ENVIADO,18.0,9c4bfae3d43573b0bb04317c857181845bf7bcd5c5d8798d196ca310bd4b0923,2025-07-02
2023-04-12,1970-01-01 00:00:00.000202304,18.0,PIX ENVIADO,30.0,643a6c59c3396366cf2f79df1fb52324002cc0c4d7e4620456dbde5218bde8bc,2025-07-02
2023-04-12,1970-01-01 00:00:00.000202304,743.0,PIX ENVIADO,17.0,81aba317190e2219d89ae2f89436b44caa4a34b7c2ad501866bdbfe79a19c7c7,2025-07-02
2023-04-12,1970-01-01 00:00:00.000202304,406.0,PIX ENVIADO,46.0,1b59f90b62d3e8b52d3a5f9f156d68d030c750cbe3cf4eaa69621939383023a3,2025-07-02
2023-04-12,1970-01-01 00:00:00.000202304,204.0,PIX ENVIADO,60.0,b7fa5db2facba64200b29883438311cc9de19effe7f15be0e28c7b2f77e7013f,2025-07-02
2023-04-12,1970-01-01 00:00:00.000202304,286.0,PIX ENVIADO,19.0,0d5f50a1acb92b369edeae20cdaad532f272712b7094887c674609781046a0d6,2025-07-02
2023-04-12,1970-01-01 00:00:00.000202304,226.0,PIX ENVIADO,80.0,ce26d62870cff9b7a61ca4561cde39338de310e471a21376f26346d6c7f5e9ff,2025-07-02
2023-04-12,1970-01-01 00:00:00.000202304,429.0,PIX ENVIADO,20.0,b913ef68b794a6e124222df7b0fff4c87f87a4c260161d087373d41f273063f1,2025-07-02
2023-04-12,1970-01-01 00:00:00.000202304,169.0,PIX ENVIADO,110.0,f343191f63529b8208e671af9f182adb359a482214c812a90771538edde4e31f,2025-07-02
2023-04-12,1970-01-01 00:00:00.000202304,73.0,PIX ENVIADO,787.37,d3807467179f48ef0ba4bb671552f8dcb20f4c5baae275d9795d7fb3b6217c32,2025-07-02
2023-04-12,1970-01-01 00:00:00.000202304,169.0,PIX ENVIADO,28.0,fe0608d1e1ec067d6c935ec23402b57b552256be75b29b4d27dba13d6bea8dbd,2025-07-02
2023-04-12,1970-01-01 00:00:00.000202304,526.0,PIX ENVIADO,30.0,915d7ad9390bc85411251233b84f97951365093259ce19654e21b21ea2cc107b,2025-07-02
2023-04-12,1970-01-01 00:00:00.000202304,275.0,PIX ENVIADO,129.0,02368eaf949735351a1dd515b27230d40380b51ff13c66b4aefcea5146466e13,2025-07-02
2023-04-12,1970-01-01 00:00:00.000202304,826.0,PIX ENVIADO,94.25,ffc8add2732f8240dc91293271ffa356c1253f9062aab5e703295a68c13c6c3d,2025-07-02
2023-04-12,1970-01-01 00:00:00.000202304,232.0,PIX ENVIADO,30.0,0dd38a2e816e1f900d59e8a437afb0cd244ab99b433cb79c6243896f793060bc,2025-07-02
2023-04-12,1970-01-01 00:00:00.000202304,633.0,PIX ENVIADO,300.0,f44a52b9be542b77792cc9bfaa7882c1981d482a978db3d8aa432df38c56dd14,2025-07-02
2023-04-12,1970-01-01 00:00:00.000202304,1969.0,PIX ENVIADO,60.0,9e75a497d66954215ea3eb54741bf5cdfbea4fc96da846f28c8dafff7e2521ab,2025-07-02
2023-04-12,1970-01-01 00:00:00.000202304,227.0,PIX ENVIADO,50.0,6df7d31d759851a2e14355fdeebbb733c2f5fdb93207689c9c0366da44ea6c92,2025-07-02
2023-04-12,1970-01-01 00:00:00.000202304,318.0,PIX ENVIADO,271.0,f2b411e3dce92c260755180e0cfd9837b777b336e2f52ef965eed3886dec1e36,2025-07-02
2023-04-12,1970-01-01 00:00:00.000202304,52.0,PIX ENVIADO,18.0,2cea38c6e1282021665caba90795284ea8349f9b6a055d54667f8c41de3e020e,2025-07-02
2023-04-12,1970-01-01 00:00:00.000202304,664.0,PIX ENVIADO,15.0,b36a1b6732c5afd7b15d71b93162fea2d3ade7d16ad3e25355c36a9b08404aaf,2025-07-02
2023-04-12,1970-01-01 00:00:00.000202304,746.0,PIX ENVIADO,310.0,ca66bf66f2c52971d39a3dd326abd1aa9212417f13aba8c0642b4b11f8090ed4,2025-07-02
2023-04-12,1970-01-01 00:00:00.000202304,469.0,PIX ENVIADO,36.0,579c2c5dad65934d1d92a570b51be928a028467d0c207f5d884125d57f5e7e96,2025-07-02
2023-04-12,1970-01-01 00:00:00.000202304,237.0,PIX ENVIADO,18.0,4aefde6b78138ca53c5d2cedb719d600002915e7df890b397189d388c1dbb9e6,2025-07-02
2023-04-12,1970-01-01 00:00:00.000202304,1106.0,PIX ENVIADO,28.0,7d1287e15bd76821407a9a93bf4ab4ffbc52ea9440a1f250401fb5e0460c4eac,2025-07-02
2023-04-12,1970-01-01 00:00:00.000202304,632.0,PIX ENVIADO,40.0,9b63061bcf36d3890731ce0691471f88c305c4ba7f566db18d05c7d3566d5a36,2025-07-02
2023-04-12,1970-01-01 00:00:00.000202304,288.0,PIX ENVIADO,30.0,ec166a6d5213687e10bdc7bcc2e843f439ff9621f731bc46b912ea288173fa60,2025-07-02
2023-04-12,1970-01-01 00:00:00.000202304,17.0,PIX ENVIADO,60.0,b7b2db5c6082f762bf69a25e0407e7394f6c7508b3c49afbf9b495def343e344,2025-07-02
2023-04-12,1970-01-01 00:00:00.000202304,28.0,PIX ENVIADO,13.5,8012966a3981570852e706e7110c82980d72504d8651053970045195b84b2808,2025-07-02
2023-04-12,1970-01-01 00:00:00.000202304,336.0,PIX ENVIADO,24.0,c613f77c6868d210f48bebbcdac6643a9ad6559a750330c8727c395477fc35b0,2025-07-02
2023-04-12,1970-01-01 00:00:00.000202304,30.0,PIX ENVIADO,210.0,0831e0d1ecb77e175411892723e74426f200c5bf8fdd69c33eeca6c6347a6c35,2025-07-02
2023-04-12,1970-01-01 00:00:00.000202304,294.0,PIX ENVIADO,30.0,2a56f3ffaad341c3418ee20710d2d27e640c801ee7db1ae41192335e44fd0fd1,2025-07-02
2023-02-12,1970-01-01 00:00:00.000202302,115.0,PIX ENVIADO,20.0,fe15477ad9cbf95b3a96c773c297d950aea48264fa92ae664906ad84cdedc4d9,2025-07-02
2023-02-12,1970-01-01 00:00:00.000202302,591.0,PIX ENVIADO,22.0,bff5bd0663372b3f33233ebd24b8b44822d7a397942580d3a83fa7fc007f6bdd,2025-07-02
2023-02-12,1970-01-01 00:00:00.000202302,413.0,PIX ENVIADO,6.359999999999999,609999555732a5250aa5cca4c06744bdd5462144e5da292acce2ea85971c4ea8,2025-07-02
2023-02-12,1970-01-01 00:00:00.000202302,412.0,PIX ENVIADO,299.64,2d503a998646edf188194693dbc53b9e67bddab1c15f2d3e3f27171128a18fde,2025-07-02
2023-02-12,1970-01-01 00:00:00.000202302,288.0,PIX ENVIADO,34.0,24bede3677b34b1e38c73bd7d13b674046055e5a5bf8f444a22d64591a98709e,2025-07-02
2023-02-12,1970-01-01 00:00:00.000202302,597.0,PIX ENVIADO,31.0,f938b82b62c7dda0f45942c7517ba29dfeee6ee188567a1b2ee96bb0e981ef81,2025-07-02
2023-02-12,1970-01-01 00:00:00.000202302,668.0,PIX ENVIADO,1129.05,93af43a4820d6ea63ee10d00fe5ce90f1578482d9e448764d75270f3eda77273,2025-07-02
2023-02-12,1970-01-01 00:00:00.000202302,193.0,PIX ENVIADO,40.0,a16a0c9c2490fe0c97f7f6c27f659e37d43b2bb077a18a570447231b0c42f771,2025-07-02
2023-02-12,1970-01-01 00:00:00.000202302,473.0,PIX ENVIADO,60.0,554e3852dfd64a21e6d834594a833bcd41e12dd28934e4ec9e9b351e6fae2e81,2025-07-02
2023-03-12,1970-01-01 00:00:00.000202303,370.0,PIX ENVIADO,9.5,d3ae0bb191ae5df965bce6b0894fb7f15e2c30cf4380025d8187c0c05ab12ff5,2025-07-02
2023-03-12,1970-01-01 00:00:00.000202303,65.0,PIX ENVIADO,130.0,eb8eac37d5399ceb56afe1cf73a8181875fd09ba123692bb53f60f719fcda85d,2025-07-02
2023-03-12,1970-01-01 00:00:00.000202303,83.0,PIX ENVIADO,30.0,5c3dcb6e658c26a3e7b39dc0df2144afbb4220b1b21814d6de33e8b6cc74a9ad,2025-07-02
2023-03-12,1970-01-01 00:00:00.000202303,31.0,PIX ENVIADO,80.0,e065c4e56747a95b6776c468d6412426eb42a57c87e69eb8ae961a8708c296f1,2025-07-02
2023-03-12,1970-01-01 00:00:00.000202303,476.0,PIX ENVIADO,54.98,7dc37eb9a5afcb1b8c20a10f83bd73d515c20f7a5912fa06daede7599d03ae1f,2025-07-02
2023-03-12,1970-01-01 00:00:00.000202303,307.0,PIX ENVIADO,4.0,eaba3cdf41e412de201e7442b9a2a779c9153249705e00e052f62f4c10d86a3d,2025-07-02
2023-03-12,1970-01-01 00:00:00.000202303,140.0,PIX ENVIADO,5.0,c5aded243d757ea62a092ca5e784cdced2bccc0cdf2047d66ef2c18f8c791a16,2025-07-02
2023-03-12,1970-01-01 00:00:00.000202303,705.0,PIX ENVIADO,27.0,4f2b76dd6c4e14fd5751e2de3c3a59604432da2a4027a06635b430ab82fcde63,2025-07-02
2023-03-12,1970-01-01 00:00:00.000202303,329.0,PIX ENVIADO,20.0,e146db5422a5f6197f605ee423d3a1ec39b628ab6c32262d1d4c0915115c54d3,2025-07-02
2023-03-12,1970-01-01 00:00:00.000202303,536.0,PIX ENVIADO,25.0,fed00b7c9e380a8143733263d468dc9db5ecff6c1135bef94c769a6c7a7a0853,2025-07-02
2023-03-12,1970-01-01 00:00:00.000202303,121.0,PIX ENVIADO,34.71,482c2693f04e9c8fbb2d55bc9755f69cb39f093ab848d7defd8ae564b6cbf7db,2025-07-02
2023-03-12,1970-01-01 00:00:00.000202303,371.0,PIX ENVIADO,119.83,58eeb8763f82df1493d53635fd3b001d395d140e2bc352c9d56a0cab2fea4a80,2025-07-02
2023-03-12,1970-01-01 00:00:00.000202303,710.0,PIX ENVIADO,139.8,8ee1e868c250a1b707fd208040bbe6fc9dfef267677a3878e78c72e36448f474,2025-07-02
2023-04-12,1970-01-01 00:00:00.000202304,32.0,PIX ENVIADO,16.5,464d760dcc3ebe03e8c4a0eae2ad96d0bf70bbe2e671c3fac63caf4b185907c8,2025-07-02
2023-04-12,1970-01-01 00:00:00.000202304,666.0,PIX ENVIADO,20.0,54414adffa488b0713c8fb56d57ab53814f14c26b1c5bc9e13d49815abc36ce0,2025-07-02
2023-04-12,1970-01-01 00:00:00.000202304,757.0,PIX ENVIADO,30.0,8ed08da4d6de6c1e7fa22d0b0c4b98a7dfbb5c4b82b39ea8a3e1eaa56c2c701b,2025-07-02
2023-04-12,1970-01-01 00:00:00.000202304,654.0,PIX ENVIADO,60.0,5e174e6e65d8242d97b9b5a4d4f6da31305334d73a66553c221cb0c03899db5c,2025-07-02
2023-04-12,1970-01-01 00:00:00.000202304,168.0,PIX ENVIADO,60.0,3df558777f140696113b005c320b0fa179b8d3881334096b6060129b7e022044,2025-07-02
2023-04-12,1970-01-01 00:00:00.000202304,1505.0,PIX ENVIADO,18.0,79f6113fdf0d8d3459df1142fda119cca9184bfdc243f4c5493a54677176c498,2025-07-02
2023-04-12,1970-01-01 00:00:00.000202304,142.0,PIX ENVIADO,28.0,e22e54b3ff983107515e3fd5ee123899cd831e0eb391ea3d7e996e41e78f95c3,2025-07-02
2023-04-12,1970-01-01 00:00:00.000202304,60.0,PIX ENVIADO,322.0,7326878616668b30661464d9b1ec1bad9d69930eb062828c58a2edc67b1807b6,2025-07-02
2023-04-12,1970-01-01 00:00:00.000202304,30.0,PIX ENVIADO,65.25,ff0cfd7a5108f491057d6a2034584ff71a68b59678b8ba1281b76f5494f332b9,2025-07-02
2023-04-12,1970-01-01 00:00:00.000202304,465.0,PIX ENVIADO,8.0,3922344fa51754bcdd22484c6e71b15dd7be5bf073cc62424759f445f6799703,2025-07-02
2023-04-12,1970-01-01 00:00:00.000202304,349.0,PIX ENVIADO,60.0,bae8eb93f8f3f8538c4c11ca8c6d56bf1c5b0c6cff3260bcc84eaaaaa15bbd3a,2025-07-02
2023-04-12,1970-01-01 00:00:00.000202304,416.0,PIX ENVIADO,11.0,5a8d6b14937e56d18d643dd67f2a5de4122afedbfbb6ab8d4d4cbf87d03390f8,2025-07-02
2023-04-12,1970-01-01 00:00:00.000202304,615.0,PIX ENVIADO,172.0,8efc21b31b1a68af7a21141c32247386473a0da7b6310447f3c57540c36b9fdb,2025-07-02
2023-04-12,1970-01-01 00:00:00.000202304,2114.0,PIX ENVIADO,60.0,efb36c00da778f738bb33c934a7c219191d0fa316f4d4e78c0e95e11d2d057bf,2025-07-02
2023-04-12,1970-01-01 00:00:00.000202304,166.0,PIX ENVIADO,210.0,54ef16e9d5bc2702e7236cc211ce71863f2310bd9151a93827b8bef3a1f7aff4,2025-07-02
2023-04-12,1970-01-01 00:00:00.000202304,235.0,PIX ENVIADO,18.0,e4f2f54b3061f5e09cd6a56f21c7313475cb90956a8e14e1d0fb5c3f4e398d4f,2025-07-02
2023-04-12,1970-01-01 00:00:00.000202304,181.0,PIX ENVIADO,460.44,01c0c7874bb9fb307d04984c3636b90fc7d26c0e24607117c5ea00269811e6e9,2025-07-02
2023-04-12,1970-01-01 00:00:00.000202304,134.0,PIX ENVIADO,20.0,b28cc79e0ac425215a2ef0102f73ba979ec0969d929279e844248cb979191d00,2025-07-02
2023-04-12,1970-01-01 00:00:00.000202304,149.0,PIX ENVIADO,8.6,63ce1356fbe14abc7466d24e7498c2aab153c946a19cd6e62559bc510bcb144e,2025-07-02
2023-04-12,1970-01-01 00:00:00.000202304,2116.0,PIX ENVIADO,310.0,0813193b151bde7bc14e15386cbaa5a4377ade7375e2a1891fd0c0e7a74213bd,2025-07-02
2023-04-12,1970-01-01 00:00:00.000202304,336.0,PIX ENVIADO,260.0,9c540117dac4ba0b6d374f28b6f238778bbeedb9b28415efb590a21c3067db4d,2025-07-02
2023-04-12,1970-01-01 00:00:00.000202304,190.0,PIX ENVIADO,50.0,e28415c98380409ae62b6fdac0e5cd348678baf7b80c39f8a80e17032de6397b,2025-07-02
2023-04-12,1970-01-01 00:00:00.000202304,183.0,PIX ENVIADO,56.0,55a3615501df8a760d85d6a85b47c63aa0c32232d0316e86b1261f9343c192f6,2025-07-02
2023-04-12,1970-01-01 00:00:00.000202304,151.0,PIX ENVIADO,174.64,273a44d984b2dc59b6a5def58af469e595edbdee4e82c9e4906573a44c0bf627,2025-07-02
2023-04-12,1970-01-01 00:00:00.000202304,186.0,PIX ENVIADO,210.0,b3f049bcae31628113e79d1d01d53810638063f5033d9314e519dd1cf79c2c97,2025-07-02
2023-04-12,1970-01-01 00:00:00.000202304,526.0,PIX ENVIADO,40.0,7525b4486bfc6257e70d558476902e3ac632faac44342171da0d27c38295444a,2025-07-02
2023-04-12,1970-01-01 00:00:00.000202304,170.0,PIX ENVIADO,40.0,25f730c626291d07cb17c3fa429f5c68ee97c60c31cb2ab0eafe60114ab4b2a6,2025-07-02
2023-04-12,1970-01-01 00:00:00.000202304,827.0,PIX ENVIADO,8.0,cde20ff47d8ce6e49509cd602d7dede2a7baf891a178606ed6d5f26af970bd61,2025-07-02
2023-04-12,1970-01-01 00:00:00.000202304,605.0,PIX ENVIADO,30.0,829ba4f7d40822765e1719eeadaabbf2013d86bf2128bc3b75910439a99b9b95,2025-07-02
2023-04-12,1970-01-01 00:00:00.000202304,2117.0,PIX ENVIADO,310.0,bf331b0440b15ed6f2876df968f935923b69bc421fa4592c4afd560e1d73a89b,2025-07-02
2023-04-12,1970-01-01 00:00:00.000202304,219.0,PIX ENVIADO,60.0,44d1918e1378881ac766e657c158b4879fdf4e08afca5f59b8fc8dc14911c8ba,2025-07-02
2023-04-12,1970-01-01 00:00:00.000202304,196.0,PIX ENVIADO,700.0,83b6fdcf7eb4d50872ef2ec9241e2892246cf85ee61c684e5312d0bb22004c52,2025-07-02
2023-04-12,1970-01-01 00:00:00.000202304,197.0,PIX ENVIADO,450.0,a17889db9c1dcd57195cbb7d2a6330ff33f68cb6eb2292ece7b318b6e67daa51,2025-07-02
2023-04-12,1970-01-01 00:00:00.000202304,319.0,PIX ENVIADO,59.0,34f2bd8c3676960fe5656daeae2011d5d2ccb24f362945caabf092776e489264,2025-07-02
2023-04-12,1970-01-01 00:00:00.000202304,78.0,PIX ENVIADO,5.0,eca061b5c04964ae863b3691dd7ca5598c1d95dba75c5b83d44b358772f34f47,2025-07-02
2023-04-12,1970-01-01 00:00:00.000202304,18.0,PIX ENVIADO,5.0,a86201187a8aa0da606ca19eb9a8dd66d8705904e871db74dea75619edb5b5b2,2025-07-02
2023-04-12,1970-01-01 00:00:00.000202304,945.0,PIX ENVIADO,510.0,da78949454e259252b6312935e8b6448f34e27876dd7f3f9330cc2ff05feda5d,2025-07-02
2023-04-12,1970-01-01 00:00:00.000202304,77.0,PIX ENVIADO,80.0,8d51f1f859a83584dc6605429193bbaa8b922873ad768a1c7cc3dc9b85dbb768,2025-07-02
2023-04-12,1970-01-01 00:00:00.000202304,597.0,PIX ENVIADO,30.0,a23149dad14d51e1894aeed0501d582ea3e4f24a085abe835ccf15facecb0548,2025-07-02
2023-04-12,1970-01-01 00:00:00.000202304,866.0,PIX ENVIADO,15.0,6b99f8dd8ece4b02e50cf5674db5f961b742d56c9a33e64f96b8cf39f40b985d,2025-07-02
2023-04-12,1970-01-01 00:00:00.000202304,404.0,PIX ENVIADO,100.0,cfa814165f791c0e0c6b40a4b388f90cb9d2a0280fa2ad098b3c3a4920c58037,2025-07-02
2023-04-12,1970-01-01 00:00:00.000202304,403.0,PIX ENVIADO,190.0,66d77a390da5f1f5af6076b081feb7fcad7da916dcac2efdbd7c8826aad75c82,2025-07-02
2023-04-12,1970-01-01 00:00:00.000202304,180.0,PIX ENVIADO,20.0,399a2f43b034704ce383c543a68bd7aee748e9671bcaf5516b08137152fb5004,2025-07-02
2023-04-12,1970-01-01 00:00:00.000202304,513.0,PIX ENVIADO,30.0,cbbc60b311089da220a0b32f5a73490f73d2f86c0e0cdaa5c8828be64c09d7b5,2025-07-02
2023-04-12,1970-01-01 00:00:00.000202304,127.0,PIX ENVIADO,110.0,8487ae2a904714001eb65a72e6b891af1fd29b93756fb4cc3a06ce3e3abdaf7d,2025-07-02
2023-04-12,1970-01-01 00:00:00.000202304,32.0,PIX ENVIADO,110.0,f0c66afc186a2ee5b30cbd5057d690953097741a7d5a565c4b012c022651c88d,2025-07-02
2023-04-12,1970-01-01 00:00:00.000202304,525.0,PIX ENVIADO,40.0,401f8f7ed675afe81c73e0539b48b653a5037560840d5c49cb7ced803eb3f8d6,2025-07-02
2023-04-12,1970-01-01 00:00:00.000202304,162.0,PIX ENVIADO,17.0,d654fa4360f56fae4f3b45c24b5665d198c6baf9675761515ecf48315b8cf728,2025-07-02
2023-04-12,1970-01-01 00:00:00.000202304,164.0,PIX ENVIADO,60.0,473852c0e34fc958886e404daa9ef741bb0a87bf05440582d1337f73ac027515,2025-07-02
2023-04-12,1970-01-01 00:00:00.000202304,401.0,PIX ENVIADO,210.0,aabe804b68e49372eb14f4b930d26483c56a175d2ada493227218defa510225d,2025-07-02
2023-04-12,1970-01-01 00:00:00.000202304,569.0,PIX ENVIADO,5.0,b1776b6cdc39d8f3556b2062a1ebb5152a12708977bba165b8e9ef322c9ed03a,2025-07-02
2023-04-12,1970-01-01 00:00:00.000202304,35.0,PIX ENVIADO,21.0,3c6d1dbf4793f971951735cdeabc03cc5cb262d3cfa5993f4130b04f46f9721d,2025-07-02
2023-04-12,1970-01-01 00:00:00.000202304,827.0,PIX ENVIADO,19.0,d156556665527f36a7762d397efc1ebc89e1fe5060587277b0933f0501ca2cfd,2025-07-02
2023-04-12,1970-01-01 00:00:00.000202304,184.0,PIX ENVIADO,11.0,b12769b6ab0ab19245e1eec3edaee4ba3b35425229a8388023ee5cf09d6331ad,2025-07-02
2023-04-12,1970-01-01 00:00:00.000202304,423.0,PIX ENVIADO,20.0,767342717bf75924747c77082f4ba3ad65650f6732b50f0a5cc82350f76756dd,2025-07-02
2023-04-12,1970-01-01 00:00:00.000202304,277.0,PIX ENVIADO,36.0,141d5d1ad00dbce26d9a9015e1a390b6bc8ffd3dd412957985190a04bbdaa48d,2025-07-02
2023-04-12,1970-01-01 00:00:00.000202304,350.0,PIX ENVIADO,11.0,8fa3e7ef984846cf861fb0d0a67d4658769d8c4160f4ef14e3f04f19c3ec7bdd,2025-07-02
2023-04-12,1970-01-01 00:00:00.000202304,756.0,PIX ENVIADO,610.0,0ae39383c34e9de1096244eaf54e7e617ae97063a75bed6d36ced6e26460ba3a,2025-07-02
2023-04-12,1970-01-01 00:00:00.000202304,182.0,PIX ENVIADO,12.15,d07b470b53173afc3b07de7f31fa906986ed98e136f45cd492f5368c5441349d,2025-07-02
2023-04-12,1970-01-01 00:00:00.000202304,186.0,PIX ENVIADO,11.0,b82b5c1a47624d612ad25e7476967883046bb21412755e5e6a6c2c33a130afe4,2025-07-02
2023-04-12,1970-01-01 00:00:00.000202304,221.0,PIX ENVIADO,12.0,cf02caa2562070c6d2efc054475f4ab0c6fa847ae6d3f952062a49cc6bbfd273,2025-07-02
2023-04-12,1970-01-01 00:00:00.000202304,419.0,PIX ENVIADO,12.89,af4938f28a0f4dab554ed4030bb63938d326b5d2e18aa030c07cef80ef55dee3,2025-07-02
2023-04-12,1970-01-01 00:00:00.000202304,183.0,PIX ENVIADO,30.0,1089de128d2ecc863a290c8665b519f59119cdede0a35d33c7698a205b44b05a,2025-07-02
2023-04-12,1970-01-01 00:00:00.000202304,570.0,PIX ENVIADO,1001.0,13ee88244d6a928c3b590870b88f3bd2f8bae9df2ac131a640d79e2e580b88fb,2025-07-02
2023-03-12,1970-01-01 00:00:00.000202303,370.0,PIX ENVIADO,410.0,e8e96e92c7c4348f326191b6997bf79b12e73ea54c0025e6f9a9784b16f3b18a,2025-07-02
2023-03-12,1970-01-01 00:00:00.000202303,76.0,PIX ENVIADO,40.0,8b02d604c775ea54dd7692889f44b8c276cf30b7dd24c6ff6970136bf9bb2e9f,2025-07-02
2023-03-12,1970-01-01 00:00:00.000202303,70.0,PIX ENVIADO,30.0,ba1ae58dc8f6a0a5940079b34d539d23741f60f9a69947a2f3f079b1fcaae556,2025-07-02
2023-03-12,1970-01-01 00:00:00.000202303,275.0,PIX ENVIADO,121.0,60d863323ca95c10b153e6f3e7fbf0afcd097a2edbad0158642c2d43a12dd1c0,2025-07-02
2023-03-12,1970-01-01 00:00:00.000202303,331.0,PIX ENVIADO,30.0,460b01cb06faa0310b9113252d22fe9fe4de5b9d4ea43b986e965a190f8c6bbd,2025-07-02
2023-03-12,1970-01-01 00:00:00.000202303,249.0,PIX ENVIADO,90.0,708be23bdf6d2d5517fe882d12f6d6e2d302950b1b0537c622c43fd9f9a1041b,2025-07-02
2023-03-12,1970-01-01 00:00:00.000202303,104.0,PIX ENVIADO,18.0,5cfe2bad0a7fbee83167f29e88d5f1442a943f5808bb8dc742caba826af06caa,2025-07-02
2023-03-12,1970-01-01 00:00:00.000202303,101.0,PIX ENVIADO,60.0,e355e64d0f32eb072b242bdbf4151977e0621908ab42a5fe5a21f1a58f15fa9c,2025-07-02
2023-03-12,1970-01-01 00:00:00.000202303,97.0,PIX ENVIADO,460.0,fba4705f788bdf7ab3f718575db7cc868b9bd678f3a6851e17d35bcbec80602f,2025-07-02
2023-02-12,1970-01-01 00:00:00.000202302,853.0,PIX ENVIADO,78.0,74a5dcf0b755cf8cd1429dbef64c50515e9ea591bac7934bf616b04928c970af,2025-07-02
2023-02-12,1970-01-01 00:00:00.000202302,117.0,PIX ENVIADO,40.0,2756c6b99e5da0b22fdaf5698fefa2d3cf9d2a5b41482f475143c84b8a408200,2025-07-02
2023-02-12,1970-01-01 00:00:00.000202302,542.0,PIX ENVIADO,30.0,bb2a41a23559a191f0c60f399dc992281cd951c5521e65d99840c7c74003b9cb,2025-07-02
2023-02-12,1970-01-01 00:00:00.000202302,1168.0,PIX ENVIADO,30.0,0f23b9a190052b4ee138fed79598a81f1db7dd87c0d96f629bd5abcea83193f0,2025-07-02
2023-02-12,1970-01-01 00:00:00.000202302,29.0,PIX ENVIADO,98.27,0b05bf22c20ae903c13dbdb02059da1b251d716cce93dcb99d2ebfa08aa7b3eb,2025-07-02
2023-04-12,1970-01-01 00:00:00.000202304,340.0,PIX ENVIADO,188.01,19f5da4570d50b55ea66877e48a768a3e1ab2cae00d13358d9bc3df95f682733,2025-07-02
2023-04-12,1970-01-01 00:00:00.000202304,108.0,PIX ENVIADO,30.0,b9ca277857e00bb1bae98540112eaebd962bb302a28b98f472d22ea3b57a71a8,2025-07-02
2023-04-12,1970-01-01 00:00:00.000202304,62.0,PIX ENVIADO,1010.0,a426a17f25a39a44f04a36ff311dd5f6799969e00116b5acfe5b901e6bb61a13,2025-07-02
2023-04-12,1970-01-01 00:00:00.000202304,830.0,PIX ENVIADO,48.0,aad642bd2f69688e095d3773eb153c1d55e03e7a17c5d4f957e8a213df471ee2,2025-07-02
2023-04-12,1970-01-01 00:00:00.000202304,421.0,PIX ENVIADO,20.0,ff9e4b3fd0282d379b2cd7d32a7e95c1709e989aa73bac23706e1fc832426bb4,2025-07-02
2023-04-12,1970-01-01 00:00:00.000202304,511.0,PIX ENVIADO,21.0,cbcbc1511deb146ecda51fe75a01deae7b1ba4aba5f5bb3a7ceb4b1ff6d6b20a,2025-07-02
2023-04-12,1970-01-01 00:00:00.000202304,946.0,PIX ENVIADO,10.0,d1e04712d3feab14a28d79d3f099e3f595e581505304e4b909451ab23aaa1df7,2025-07-02
2023-04-12,1970-01-01 00:00:00.000202304,222.0,PIX ENVIADO,30.0,40394fe7c098ef8e979a2470380b1a95f6a66776b782a952cb9e14dfdf8df3f2,2025-07-02
2023-02-12,1970-01-01 00:00:00.000202302,124.0,PIX ENVIADO,46.0,94cab9adb7c20f9fd7bb2b802ff63b65c4b533930456de41eb2bc15dd0f9e4d0,2025-07-02
2023-02-12,1970-01-01 00:00:00.000202302,352.0,PIX ENVIADO,9.5,dfa8907cdf216e9e449c6b88c13b81033a2c56dd63b699106528b63165a40661,2025-07-02
2023-04-12,1970-01-01 00:00:00.000202304,467.0,PIX ENVIADO,4.0,86171ee4ed869606b51c223e0057c209ab6c42f8f3802e8b84193869b3f980b2,2025-07-02
2023-04-12,1970-01-01 00:00:00.000202304,216.0,PIX ENVIADO,1010.0,6afd20f3a88bb21bb8c8638f3de5d58d0cca3c5310b6923697d886c690a168dc,2025-07-02
2023-04-12,1970-01-01 00:00:00.000202304,2264.0,PIX ENVIADO,120.0,898a7f3c4d224c079c27fbcdae7e95719fe4656e5ca514cf2bd7d219e806cda9,2025-07-02
2023-04-12,1970-01-01 00:00:00.000202304,525.0,PIX ENVIADO,8.0,484a3452334347d97cf46aa229a54260a52c5c245dd9d6025491b16052e7d07c,2025-07-02
2023-04-12,1970-01-01 00:00:00.000202304,93.0,PIX ENVIADO,35.5,b11c73a65ef8b659a5db8a11ed70254e3c6249a27e02a9329bebf45b3302021a,2025-07-02
2023-04-12,1970-01-01 00:00:00.000202304,740.0,PIX ENVIADO,8.5,ffe95c7f8b3f603a42b5d8ca241b4c3cab238148875d572ff85848d52032074a,2025-07-02
2023-04-12,1970-01-01 00:00:00.000202304,826.0,PIX ENVIADO,20.0,c6ceb0cc434dd8d9cc7440799b84346da6a04e5828512288333e2ccf75ffb1df,2025-07-02
2023-04-12,1970-01-01 00:00:00.000202304,411.0,PIX ENVIADO,20.0,4394f2c6840a69b1e93c6ce2a7f14ddce329fae13df17bd1c8e9e357dbe6a89b,2025-07-02
2023-04-12,1970-01-01 00:00:00.000202304,108.0,PIX ENVIADO,210.0,920ee788091b7f83091191c7516aebccc747ac543c9922cbb9da9457a0d9f1b0,2025-07-02
2023-04-12,1970-01-01 00:00:00.000202304,97.0,PIX ENVIADO,3.38,ad3319e96743d5ab4dd3002eb1f42375af6d221e5277e1b5d71bff1f03509858,2025-07-02
2023-04-12,1970-01-01 00:00:00.000202304,185.0,PIX ENVIADO,80.0,0b7deeea7cf493af6168f85298fabdfa80f47c112c68f9055b1e6cdc0419bb8b,2025-07-02
2023-04-12,1970-01-01 00:00:00.000202304,416.0,PIX ENVIADO,42.0,91da2b309f778bc45a609f7053a460603709d0177c559f9772f47085a2d84076,2025-07-02
2023-04-12,1970-01-01 00:00:00.000202304,417.0,PIX ENVIADO,20.0,bd88a446cb7890480f7d6b256b8c5da1d22a5f73bf658ea2bc5db86830272e40,2025-07-02
2023-04-12,1970-01-01 00:00:00.000202304,125.0,PIX ENVIADO,8.0,f4bf19e2e45bd53eb3b05b015097955368afdcd730fb297b6b7071031be653a4,2025-07-02
2023-04-12,1970-01-01 00:00:00.000202304,312.0,PIX ENVIADO,398.0,58c62bc602ff5f4e20f3285c9c9dc3e4ac0fd7c01f50b6b96db85f8717a0beea,2025-07-02
2023-04-12,1970-01-01 00:00:00.000202304,36.0,PIX ENVIADO,16.0,abdfe9338af0e090e511bd0c8831e11712e140a39c3cfda83a16d18a5e164a63,2025-07-02
2023-04-12,1970-01-01 00:00:00.000202304,231.0,PIX ENVIADO,25.0,7d3c19ce1e562fa65cd756c3d718d4f385bc1ca40a5a2daa5478685208849b21,2025-07-02
2023-03-12,1970-01-01 00:00:00.000202303,32.0,PIX ENVIADO,100.0,04e3bcd1547bfc614d9703a14ea77c5d34528db3958a7beddc8524d8d1a99145,2025-07-02
2023-03-12,1970-01-01 00:00:00.000202303,189.0,PIX ENVIADO,75.0,e0050cbc5ca851ff430ad6b85773e2429676f6e131de46bcb507455bfecbc775,2025-07-02
2023-03-12,1970-01-01 00:00:00.000202303,68.0,PIX ENVIADO,31.89,38a8e97787ea6c68a7893398290be8b5467597cb0b140d217fb8af609496dca4,2025-07-02
2023-03-12,1970-01-01 00:00:00.000202303,135.0,PIX ENVIADO,15.0,931cee0860ffbb84273969b81b095e46f1adbd1f74ab4480c08e597cda6af338,2025-07-02
2023-03-12,1970-01-01 00:00:00.000202303,405.0,PIX ENVIADO,30.0,d10dde56ecf713b23e3ef74159d19c657d965aaf08a8eb9fc0ab14fce6dd4520,2025-07-02
2023-03-12,1970-01-01 00:00:00.000202303,69.0,PIX ENVIADO,56.21,bb6c5fc16b84b48a58f40880a6898ad1bd7ea16d77f348d0a36f05c468106aed,2025-07-02
2023-03-12,1970-01-01 00:00:00.000202303,69.0,PIX ENVIADO,40.0,daf514f576f406bea0849b75250c5e21ff6729ac8a1db182e46e63c10f61b8c2,2025-07-02
2023-03-12,1970-01-01 00:00:00.000202303,25.0,PIX ENVIADO,11.0,e7a703391483cbbd5016eac0e730954cf7116e94de9943505c72cea41288f9e0,2025-07-02
2023-03-12,1970-01-01 00:00:00.000202303,32.0,PIX ENVIADO,18.0,c6a21768fa4dbb21aace3a9670934856283db461142ff636acd65bbdd0aac5d6,2025-07-02
2023-03-12,1970-01-01 00:00:00.000202303,975.0,PIX ENVIADO,20.0,20714e646a38144879ce1556433a8811c1751a2e448492ae4c3beca19d28a97d,2025-07-02
2023-03-12,1970-01-01 00:00:00.000202303,700.0,PIX ENVIADO,30.0,44612cc7b80044b90bf5ea776fada985e5edec776c37c1e57e80d72e2af6f286,2025-07-02
2023-03-12,1970-01-01 00:00:00.000202303,304.0,PIX ENVIADO,40.0,51af0b2840f552f555a1d092d34d6f8ead902c140d03e18c678bdf802a21665d,2025-07-02
2023-03-12,1970-01-01 00:00:00.000202303,120.0,PIX ENVIADO,30.0,0756dbd7936bbea63104b133098557f43d1204661ba111ec408e5c23ba19bcc6,2025-07-02
2023-03-12,1970-01-01 00:00:00.000202303,534.0,PIX ENVIADO,210.0,918f7eff21714715a00442e955177f9da5dfe2bfcfb427f336c4557dd835b4fe,2025-07-02
2023-03-12,1970-01-01 00:00:00.000202303,67.0,PIX ENVIADO,110.0,f6fba6b5ea0bfa63c4296ab62201d796abfe24c87dd57f76e36540d0d3d20d6c,2025-07-02
2023-03-12,1970-01-01 00:00:00.000202303,77.0,PIX ENVIADO,610.0,0b9009610e0a9ddada2ddc1b16339b4ceab75db33cff2a49155302e27ebd6cac,2025-07-02
2023-03-12,1970-01-01 00:00:00.000202303,796.0,PIX ENVIADO,48.99,53b235c6bb7c470e6d64bbfc2a544f851c8fc87797b5041c757a3abc83ce503c,2025-07-02
2023-03-12,1970-01-01 00:00:00.000202303,33.0,PIX ENVIADO,104.0,34abb912bb614b7da6c25d42ddf9fa6b5a901280824a03a39d0c96b5f173765d,2025-07-02
2023-02-12,1970-01-01 00:00:00.000202302,66.0,PIX ENVIADO,60.0,3505ce7d06d6f35c6377b4ccc47aaf435003d94941a82884acc815bc2c588689,2025-07-02
2023-02-12,1970-01-01 00:00:00.000202302,243.0,PIX ENVIADO,10.0,bea52b9c30906eb450e8b31481eb16940db160aab9a26baa921da34a8bf85df2,2025-07-02
2023-02-12,1970-01-01 00:00:00.000202302,118.0,PIX ENVIADO,7.0,0f342be9227b8b6f66f27f859afa5b1f66491a723e90fc19cef1cc811cbc1366,2025-07-02
2023-02-12,1970-01-01 00:00:00.000202302,472.0,PIX ENVIADO,20.0,8e0697761acb13550a1e4ffc62adb05e32723affae8a1a351d6cd3dd8e5a8a03,2025-07-02
2023-02-12,1970-01-01 00:00:00.000202302,131.0,PIX ENVIADO,80.0,15cd90be3ce95794adff234a7120f428183d779558e70930e0c6e4a6d42aff82,2025-07-02
2023-02-12,1970-01-01 00:00:00.000202302,515.0,PIX ENVIADO,510.0,bb62d1925d682d5c2dafbcd74c895e366468be1ec65b0af748945682eef38dbd,2025-07-02
2023-02-12,1970-01-01 00:00:00.000202302,547.0,PIX ENVIADO,5.0,04b212dd16feb0c89e64bd7def0f2b7c04b8aa934e5b4925060cb277dc9a3813,2025-07-02
2023-02-12,1970-01-01 00:00:00.000202302,312.0,PIX ENVIADO,30.0,32e4dbc888089d7f3e44e982107699fe0fecfbf9caae1a73a9bee3e7209aa4b3,2025-07-02
2023-02-12,1970-01-01 00:00:00.000202302,367.0,PIX ENVIADO,20.0,4f2e0dc9d00c64accddf5fe6fc9959a1bf0ba8e2dbf60a7802d14798aa2c404b,2025-07-02
2023-02-12,1970-01-01 00:00:00.000202302,123.0,PIX ENVIADO,70.0,2981a05af4a8413ef6df901c61ce7fdd89ac14be90484e4b37a32ac41a925581,2025-07-02
2023-02-12,1970-01-01 00:00:00.000202302,872.0,PIX ENVIADO,8.0,eddafdc8ef597a7373b4afe2045e61af3ff9f38cda2157e756e24063026c7251,2025-07-02
2023-02-12,1970-01-01 00:00:00.000202302,41.0,PIX ENVIADO,7.0,09bd9388266f75ea45ec2370ed9cb6a6851d22ec691792ebf086026d19fdc74f,2025-07-02
2023-03-12,1970-01-01 00:00:00.000202303,145.0,PIX ENVIADO,10.71,c1a256e193e8a05757187acd7494bc24a3859dd3b5c9d75ee918af743e14d8ee,2025-07-02
2023-03-12,1970-01-01 00:00:00.000202303,31.0,PIX ENVIADO,63.49,8b9a91a67104e8258465f3eab18a680d1be388085bfcea38f33105ce0557e534,2025-07-02
2023-03-12,1970-01-01 00:00:00.000202303,176.0,PIX ENVIADO,8.0,8bf15e1529fd67501f375e8db2403fa77ad7dda8abcb8c7f608a7a56a95216da,2025-07-02
2023-04-12,1970-01-01 00:00:00.000202304,293.0,PIX ENVIADO,90.0,c565cc1b2f5a553d5294c7c1210f15b7f189347c112bffce931a119ad1f07216,2025-07-02
2023-04-12,1970-01-01 00:00:00.000202304,33.0,PIX ENVIADO,8.0,0ce6980fced219c8a20cc8d7d56b13eed97c24faa3624c2cab743888da5b3a21,2025-07-02
2023-04-12,1970-01-01 00:00:00.000202304,185.0,PIX ENVIADO,40.0,5e878cab50f30ea543bf8cd036867a80ff0dcd1c94101665b510ec462f6e1ea0,2025-07-02
2023-04-12,1970-01-01 00:00:00.000202304,405.0,PIX ENVIADO,115.36,dab19fdeca8cf8175865b6bfc16ad5986424505214e838af2ee8ac4c78f8996c,2025-07-02
2023-04-12,1970-01-01 00:00:00.000202304,344.0,PIX ENVIADO,460.0,b3a595954944bee8c7bb8b006e621b767dd5308cde323f7b24bd02ac0a51d287,2025-07-02
2023-04-12,1970-01-01 00:00:00.000202304,314.0,PIX ENVIADO,110.0,3fe7c3a73c57adc08403e3c9becb2e5e5cc3f33e6d5df3983c318f23d968eb80,2025-07-02
2023-04-12,1970-01-01 00:00:00.000202304,635.0,PIX ENVIADO,30.0,c3eb5df44efcf71c7d5edb50afded76714eedb24e8a23fa2997eb08524bd6a14,2025-07-02
2023-04-12,1970-01-01 00:00:00.000202304,422.0,PIX ENVIADO,20.0,6e3b9d1e9741723ead111b0d4f85b49b85dc316882390d3136e29e8d2c883743,2025-07-02
2023-02-12,1970-01-01 00:00:00.000202302,130.0,PIX ENVIADO,40.0,786e5af82057d8814f4a273e078400172d66198480f6a6bd02f49c01dde642ec,2025-07-02
2023-02-12,1970-01-01 00:00:00.000202302,470.0,PIX ENVIADO,20.0,f81e739d4e7fc2051188459d18a482569a8106343a1d2d2a62c3c51bd085be6e,2025-07-02
2023-02-12,1970-01-01 00:00:00.000202302,445.0,PIX ENVIADO,36.0,513872f9fbd13fada74b486453d8ae6afc6123429702ac759870e32bbaf80b40,2025-07-02
2023-02-12,1970-01-01 00:00:00.000202302,45.0,PIX ENVIADO,257.0,11cf5e546e846a232166faddd559f8a466708384a46efdb996489ab972446364,2025-07-02
2023-02-12,1970-01-01 00:00:00.000202302,222.0,PIX ENVIADO,20.0,5149b74ab3879148936c05a4adc33dbd11aa367f6e86596016220202e8e8fcee,2025-07-02
2023-02-12,1970-01-01 00:00:00.000202302,486.0,PIX ENVIADO,15.0,ce7d5622769b394ff3648ef27aeecd7718790589565e0345ed1c4316b1bec9fe,2025-07-02
2023-03-12,1970-01-01 00:00:00.000202303,146.0,PIX ENVIADO,18.0,ea1f2ccd5403687a1bbc15823bae6abc2b2fc0f92b454bf7b66127ab635afa15,2025-07-02
2023-02-12,1970-01-01 00:00:00.000202302,316.0,PIX ENVIADO,27.0,6e4a9a575c85f50d6bb863d9e760ffc366581d3f8c6293af34eb1a79b8c9c355,2025-07-02
2023-02-12,1970-01-01 00:00:00.000202302,55.0,PIX ENVIADO,5.0,5f5fc0d51c7697e51f2d66292eda9036684c6e80621ea9fdd7e18fc688078aae,2025-07-02
2023-02-12,1970-01-01 00:00:00.000202302,1617.0,PIX ENVIADO,30.0,ccb6c58f340c8132a5c4178672b8daf06410422b08dd749319fb7f155c8afe5b,2025-07-02
2023-02-12,1970-01-01 00:00:00.000202302,2646.0,PIX ENVIADO,40.0,78898808c21c6daeadc1d053aefbcb43538fd761b7ca01cb3dd20ce68e2d359f,2025-07-02
2023-02-12,1970-01-01 00:00:00.000202302,308.0,PIX ENVIADO,60.0,e6da47182c9a493bcee04a5e98041b6b59c017ab47024269551579a2d9929789,2025-07-02
2023-02-12,1970-01-01 00:00:00.000202302,348.0,PIX ENVIADO,10.0,37e05358ad20d6f087266ce88578287ff64ef887a384b49c65839e947ff284ec,2025-07-02
2023-02-12,1970-01-01 00:00:00.000202302,467.0,PIX ENVIADO,110.0,d1c13f578582353c97b7f7ad6c214e42293f3646e9ccb4f559443c84af3a4d7b,2025-07-02
2023-02-12,1970-01-01 00:00:00.000202302,154.0,PIX ENVIADO,80.0,277b2b5fdff76e46b593c28e88298aaa48f99f5d851031b3427ec6b8428544bb,2025-07-02
2023-04-12,1970-01-01 00:00:00.000202304,1971.0,PIX ENVIADO,50.0,7c6d93aca8a3f0b2f4c2bf0f248dddc1605cc03f3c310813fbc54cb5f61c9a02,2025-07-02
2023-04-12,1970-01-01 00:00:00.000202304,653.0,PIX ENVIADO,98.0,0447eed8328dedf43421ba90904f2ec9539e662175722efe33236b45f2b4555f,2025-07-02
2023-04-12,1970-01-01 00:00:00.000202304,569.0,PIX ENVIADO,30.0,343b5dfefe64aea9c919ecbd3e7bb11ddab096b17ec1697d80175202caf32cbd,2025-07-02
2023-04-12,1970-01-01 00:00:00.000202304,109.0,PIX ENVIADO,12.52,27e2f26c3461c553fe8c394c4a74ae771e7f2c0e15a1e764276c83b328b9c772,2025-07-02
2023-04-12,1970-01-01 00:00:00.000202304,26.0,PIX ENVIADO,9.0,b3ff30c3f975267426b0b57c026e3960890d5451fcc814be5f22ddd765577422,2025-07-02
2023-04-12,1970-01-01 00:00:00.000202304,234.0,PIX ENVIADO,30.0,955e04b3d787d0a3417ea96707564ea608292b3822f682e95918a003c5ae5d2b,2025-07-02
2023-04-12,1970-01-01 00:00:00.000202304,553.0,PIX ENVIADO,20.0,6f4dfd4b8817f11f8915621b9c3896ef6254a6a7450f16a14c4061b6ad0b3233,2025-07-02
2023-04-12,1970-01-01 00:00:00.000202304,274.0,PIX ENVIADO,4.0,a443eb5b2274fcab054aacadceff1c1fb99ec6dad898a7b2274da05983bea2d7,2025-07-02
2023-04-12,1970-01-01 00:00:00.000202304,228.0,PIX ENVIADO,38.0,dec4ebcd643f6606275aee339071d514772cf32e7ef9017a1f83893e1e4a858a,2025-07-02
2023-04-12,1970-01-01 00:00:00.000202304,145.0,PIX ENVIADO,50.0,8a5780dc4d5c5218fa93534274a5e087a65a81c1a233e0bc2dd0e49eeb6646de,2025-07-02
2023-04-12,1970-01-01 00:00:00.000202304,244.0,PIX ENVIADO,210.0,a098c0c01cfc498c35fff59b3a97052b9cd20e6a0dc158d1a04b0c6b1d184111,2025-07-02
2023-04-12,1970-01-01 00:00:00.000202304,16.0,PIX ENVIADO,160.0,1404ec4005a46ea47b07d3c5f5743f916051f3332467ce203bbf1856f92299da,2025-07-02
2023-04-12,1970-01-01 00:00:00.000202304,31.0,PIX ENVIADO,78.0,55da9768103de48e141bd3b90d828d5d5dba8a489415cdbbdbb71e9dfa94f59c,2025-07-02
2023-04-12,1970-01-01 00:00:00.000202304,95.0,PIX ENVIADO,20.9,5899b9d52b3ca77dce5a03ed39cc2d92559bfeec7d684c906ac04cb7087711df,2025-07-02
2023-04-12,1970-01-01 00:00:00.000202304,665.0,PIX ENVIADO,15.0,da6895d9caed21566925045bb0c1e1baef3b002ca7f0c6f767f694dc662358b8,2025-07-02
2023-04-12,1970-01-01 00:00:00.000202304,167.0,PIX ENVIADO,210.0,9550ce9cfcfd1841af1333511b79f2503cef513a1b5440c3a61b8f9f8f0c2945,2025-07-02
2023-04-12,1970-01-01 00:00:00.000202304,1509.0,PIX ENVIADO,47.23,2b1d5c3c43cdb5cd36b0b80964e5be21843524c1dcc21157e51681769702162e,2025-07-02
2023-04-12,1970-01-01 00:00:00.000202304,747.0,PIX ENVIADO,20.0,097cf4b181cc078ae402cc21be53736eb2d04f1cb716e9e3226a9648fdf61b21,2025-07-02
2023-03-12,1970-01-01 00:00:00.000202303,378.0,PIX ENVIADO,8.0,600d38cde26db5c3f3defa71e926efac02736069782bb813865f8a8a42192b92,2025-07-02
2023-03-12,1970-01-01 00:00:00.000202303,174.0,PIX ENVIADO,5.0,0027ef80f3f663f5f64dc3a3466fa297a48ae94242d9c2a9f8864d8c1a8c8148,2025-07-02
2023-03-12,1970-01-01 00:00:00.000202303,139.0,PIX ENVIADO,21.0,0b1575ee6efd561a676d31c4e15a35ddf4a7b7d452086ee810aeaed1322cc4ff,2025-07-02
2023-03-12,1970-01-01 00:00:00.000202303,43.0,PIX ENVIADO,7.27,b6c00a2f273251dffb26195713d9be6d0bb066a610213b4d6f45f8616af3e848,2025-07-02
2023-03-12,1970-01-01 00:00:00.000202303,1126.0,PIX ENVIADO,24.98,c723b5ba2c7332bb4e37556d5ff55d57e806277574ba3100f50b56dec24662e6,2025-07-02
2023-03-12,1970-01-01 00:00:00.000202303,66.0,PIX ENVIADO,60.0,e24b24cf9547f676d865dd129d5419af6c0a47c568a549138ed37960fb75ca8b,2025-07-02
2023-03-12,1970-01-01 00:00:00.000202303,649.0,PIX ENVIADO,18.0,981e8a0a91281cf65bf8244c58964c6a8011ad8ece6d125a4e4551994d82bbff,2025-07-02
2023-02-12,1970-01-01 00:00:00.000202302,546.0,PIX ENVIADO,59.6,b6d336cca100c569031062496c411d03282eba2b8d24d6a82a5a881a0cd34370,2025-07-02
2023-02-12,1970-01-01 00:00:00.000202302,153.0,PIX ENVIADO,210.0,7effed08b31de701a4ae79e17380535ae0073950421c377086795a92cfe0aa8a,2025-07-02
2023-02-12,1970-01-01 00:00:00.000202302,2638.0,PIX ENVIADO,190.0,1c8d39cb319c698663d09465a2baaf0d477188a377d260d6fbacdbb77ea398d8,2025-07-02
2023-02-12,1970-01-01 00:00:00.000202302,161.0,PIX ENVIADO,13.3,dc748843a65fa2710be8bb2753b9f1e72701d8d46cb8a78ad7065098f78acda9,2025-07-02
2023-02-12,1970-01-01 00:00:00.000202302,129.0,PIX ENVIADO,12.0,e988a0ba67672c0af96416396341ca52fe6682dd1339e375fbae44bf5f8d03e6,2025-07-02
2023-02-12,1970-01-01 00:00:00.000202302,1166.0,PIX ENVIADO,30.0,fee42f6207846be3c72b875240a83c7639f517ff1e8bfc6a4e39a675c29e42af,2025-07-02
2023-03-12,1970-01-01 00:00:00.000202303,420.0,PIX ENVIADO,126.7,b8f37f5e26b92c7cd049ec2cdb762074b23898ecc2b32bf37832a87db9e3f920,2025-07-02
2023-03-12,1970-01-01 00:00:00.000202303,283.0,PIX ENVIADO,10.0,5f3be002888a505664321c4e9082fa4916c35d7bf94f787c8726b4a1c85f7cf8,2025-07-02
2023-03-12,1970-01-01 00:00:00.000202303,253.0,PIX ENVIADO,210.0,9bf938ccf314a0a14fe26633c13d7c72bfc419d659547142e551ec0a51b5707d,2025-07-02
2023-03-12,1970-01-01 00:00:00.000202303,149.0,PIX ENVIADO,69.0,f27e39e900726c2d5ae1d2e28acb060c9cc959a33ee06ba61ecc7a97dae601ad,2025-07-02
2023-03-12,1970-01-01 00:00:00.000202303,148.0,PIX ENVIADO,300.0,e774318290a0cb5b35712f84318c59031ad57c9e8551cd76663ebb3320f58a97,2025-07-02
2023-03-12,1970-01-01 00:00:00.000202303,71.0,PIX ENVIADO,32.0,2976f83be4b25a00c287fc1516b5897f7e07c106220c5e73bbef362e8c22c3ef,2025-07-02
2023-03-12,1970-01-01 00:00:00.000202303,471.0,PIX ENVIADO,5.0,93508ce970d2f63e4018e421b41e6c57c7f46665dbe7a81573ad6dcee77d71a3,2025-07-02
2023-03-12,1970-01-01 00:00:00.000202303,321.0,PIX ENVIADO,110.0,49fced554c11bbf5aa6505781be53b67f4ee9cbf6348e2c4e110614aa8f48a37,2025-07-02
2023-03-12,1970-01-01 00:00:00.000202303,328.0,PIX ENVIADO,170.0,07e38bed7960f43db5b96fb3f89fbb85d4d6b31d8f471aa9e464bf78b588e5a7,2025-07-02
2023-03-12,1970-01-01 00:00:00.000202303,31.0,PIX ENVIADO,44.88,b58d4d2c040c3aade6248aed77c0ad548e465f801c93768fcd31356c86387674,2025-07-02
2023-03-12,1970-01-01 00:00:00.000202303,379.0,PIX ENVIADO,29.0,daec73495d3a2b352ac1404c1908d1c1d7161da73008f73bdd96734d4a2e83df,2025-07-02
2023-03-12,1970-01-01 00:00:00.000202303,105.0,PIX ENVIADO,5.0,d49b27057c0d068198bd5d0c03974219a60ec3f8c4b6b8176831273c1b0859e5,2025-07-02
2023-03-12,1970-01-01 00:00:00.000202303,798.0,PIX ENVIADO,3.4,fb2e3793eb65cc674b7efab5f52bd0d751f7827a49cc9affb5a147f3022644ce,2025-07-02
2023-03-12,1970-01-01 00:00:00.000202303,410.0,PIX ENVIADO,20.0,a7b05bfc1ed03ef7ae622da835e3fd63b1d87a81a2aba4bf7dd29f8500aae68f,2025-07-02
2023-03-12,1970-01-01 00:00:00.000202303,57.0,PIX ENVIADO,353.5,624cbe4bd54b98562c646adab9d76297068945e781d09a6a22782ff2593395f4,2025-07-02
2023-03-12,1970-01-01 00:00:00.000202303,703.0,PIX ENVIADO,30.0,e429cd2c4e624506b46f147729cf0d693004127438d45edb21d44eae42470904,2025-07-02
2023-03-12,1970-01-01 00:00:00.000202303,191.0,PIX ENVIADO,8.0,e0e63e36e73110aba9f309377a70bfd25d457dda075d92aae8b7552864806616,2025-07-02
2023-03-12,1970-01-01 00:00:00.000202303,343.0,PIX ENVIADO,11.0,1f1f212c5c409bc2f04aa16e90a95b17564c38ba28ba68b97143ba83cbba5f25,2025-07-02
2023-03-12,1970-01-01 00:00:00.000202303,376.0,PIX ENVIADO,8.0,131095a91816a30644ddee82656809d1711c44292442907db2f09885df6a5507,2025-07-02
2023-03-12,1970-01-01 00:00:00.000202303,45.0,PIX ENVIADO,30.0,c2689875bc6c9c8639dfc168bcac18fb8bc53f37360b3dcd75d31114f35760c9,2025-07-02
2023-03-12,1970-01-01 00:00:00.000202303,64.0,PIX ENVIADO,8.0,4ebd9392b3d6154de614df512693911577c3e85a7823745e5b1a9aa3721ebe37,2025-07-02
2023-04-12,1970-01-01 00:00:00.000202304,531.0,PIX ENVIADO,60.0,45559abafb02165420593461ecf2a29d167c778387bea984d4162d5647210b16,2025-07-02
2023-04-12,1970-01-01 00:00:00.000202304,181.0,PIX ENVIADO,10.0,f1a4988bea2649950965826300a36a14cb7e44e797281d0dbfb8f4e0989907a1,2025-07-02
2023-04-12,1970-01-01 00:00:00.000202304,33.0,PIX ENVIADO,15.0,0dde8fc00dceff6589f9b8796e96c42f875a5448befa2520e5412efd502d35a1,2025-07-02
2023-04-12,1970-01-01 00:00:00.000202304,652.0,PIX ENVIADO,378.33,c96802b27738be6e5e5ba4509f9dcb4d7d71c715e1a63baf5834b0affa67b86f,2025-07-02
2023-04-12,1970-01-01 00:00:00.000202304,2263.0,PIX ENVIADO,50.0,dd8da0e35d5da8ca2be52c0ca95080a3b04d844759237aacfe83e937f969c054,2025-07-02
2023-04-12,1970-01-01 00:00:00.000202304,490.0,PIX ENVIADO,30.0,22fe94157906562e44c2f1ee5c00aaca5de8f6152b3602dee1f5b0c69457d170,2025-07-02
2023-04-12,1970-01-01 00:00:00.000202304,77.0,PIX ENVIADO,18.0,b02e3141dd70130ae706b12081f281862a8b99f66ff11db50fca58f1120877b4,2025-07-02
2023-04-12,1970-01-01 00:00:00.000202304,16.0,PIX ENVIADO,7.0,61938f6af0a7e2260ad329ac29dad86ca05ff823188589c9bd0be1e54e6c6c0d,2025-07-02
2023-04-12,1970-01-01 00:00:00.000202304,86.0,PIX ENVIADO,36.0,5e5df82b0f270b37db299d5a10d954623e915f671a969f32acfd4714104ea2df,2025-07-02
2023-04-12,1970-01-01 00:00:00.000202304,191.0,PIX ENVIADO,50.0,f21a26f7a71356a29e03569761fc4e23563e838b951541003a26ffc311cc7c2e,2025-07-02
2023-04-12,1970-01-01 00:00:00.000202304,394.0,PIX ENVIADO,7.0,ee63535750bbea8f30545bf4c1ae401cedbb8b78d83eea28952fa8a69f479583,2025-07-02
2023-02-12,1970-01-01 00:00:00.000202302,40.0,PIX ENVIADO,45.0,4fa9edae6aa8b1a8e4a07bce04bea0c1b17f100cfc252c5a882bf987bbff31dd,2025-07-02
2023-02-12,1970-01-01 00:00:00.000202302,116.0,PIX ENVIADO,12.99,2c843b16e632b2513777ad7a173bec316e55c926496dc09fdc9e21e73b13a645,2025-07-02
2023-02-12,1970-01-01 00:00:00.000202302,30.0,PIX ENVIADO,185.0,ac7179745fc8c181601fa7edc9c3382cd4826b29aabc24a7a744c643be2e90db,2025-07-02
2023-02-12,1970-01-01 00:00:00.000202302,45.0,PIX ENVIADO,48.13,65a282f77efd33edc9e0b4a41dc99b96784ac68ea84f1e6764cdab5379002478,2025-07-02
2023-02-12,1970-01-01 00:00:00.000202302,594.0,PIX ENVIADO,10.0,3d28472813248158e2f66374d5f843754ded470e656070b655a88813a908f2f5,2025-07-02
2023-02-12,1970-01-01 00:00:00.000202302,255.0,PIX ENVIADO,36.0,72f32027d0b296926ef09e4d78e648dbe4b8a3f96f6777815b8e02165a2a8655,2025-07-02
2023-02-12,1970-01-01 00:00:00.000202302,271.0,PIX ENVIADO,5.0,55cc1aa1da831d15ceb78809342eb4b0899fa8e98b7d8347a5d502cb9d24d50f,2025-07-02
2023-02-12,1970-01-01 00:00:00.000202302,429.0,PIX ENVIADO,12.0,e5014402bc53a9bc34721fff484c5df995c833c129f2fe18aff658af5707f971,2025-07-02
2023-02-12,1970-01-01 00:00:00.000202302,781.0,PIX ENVIADO,210.0,23190a14869c174dc2475c502223bcddae8aea97d0b0b68edc430a3f11647feb,2025-07-02
