surrogate_key,full_name,entry_date,dt_transaction_pix,dias_ate_primeiro_pix
1000,Sophie Peixoto,2022-11-18,2023-01-08,51
2000,Miguel Campos,2022-11-05,2023-01-12,68
3000,Bryan Cardoso,2023-01-01,2023-01-08,7
4000,Nicolas Viana,2023-03-21,2023-01-09,-71
5000,Heitor Cavalcanti,2022-09-26,2023-01-08,104
6000,Eloah Moraes,2022-11-07,2023-01-08,62
7000,Ana Júlia Rodrigues,2022-12-02,2023-01-08,37
8000,Sr. João Vitor Barros,2022-11-02,2023-01-08,67
9000,João Lucas Nascimento,2023-01-13,2023-01-08,-5
10000,Mariana Moura,2022-12-04,2023-01-08,35
11000,Alícia Pereira,2022-11-01,2023-01-08,68
12000,Maria Eduarda Rezende,2022-08-24,2023-01-08,137
13000,Emanuelly Souza,2022-09-03,2023-01-09,128
14000,Gustavo da Mata,2022-09-02,2023-01-08,128
15000,Paulo Souza,2022-09-27,2023-01-08,103
16000,André Silveira,2022-12-01,2023-01-08,38
17000,Dr. Lucca Gomes,2022-09-16,2023-01-08,114
18000,Kamilly Jesus,2022-11-01,2023-01-08,68
19000,Cauã Porto,2022-12-01,2023-01-08,38
20000,Amanda Silveira,2022-08-03,2023-01-08,158
21000,Dra. Valentina da Costa,2022-12-05,2023-01-12,38
22000,Kaique Peixoto,2023-05-21,2023-01-10,-131
23000,Felipe Araújo,2023-02-28,2023-01-08,-51
24000,Bruno Aragão,2022-10-18,2023-01-08,82
25000,Sra. Maria Luiza da Mata,2022-09-02,2023-01-08,128
26000,Stella Alves,2022-09-14,2023-01-08,116
27000,Srta. Mirella da Rocha,2022-11-10,2023-01-08,59
28000,Luana Freitas,2022-08-03,2023-01-08,158
29000,Vinicius Costela,2022-08-06,2023-01-08,155
30000,Ana Julia Monteiro,2022-10-02,2023-01-08,98
31000,Evelyn Araújo,2022-08-02,2023-01-08,159
32000,Lucas Correia,2022-09-02,2023-01-08,128
33000,Enrico da Conceição,2022-12-27,2023-01-08,12
34000,Bárbara Dias,2022-09-01,2023-01-08,129
35000,Isabella Araújo,2023-01-01,2023-01-08,7
36000,Helena Costela,2022-08-03,2023-01-09,159
37000,Sr. Anthony Gomes,2022-08-30,2023-01-08,131
38000,Maria Carvalho,2022-12-05,2023-01-08,34
39000,Kamilly Pereira,2022-11-04,2023-01-08,65
40000,Francisco Nogueira,2023-01-20,2023-01-08,-12
41000,Maria Luiza Souza,2022-10-07,2023-01-08,93
42000,Helena Dias,2022-10-17,2023-01-08,83
43000,Ana Sophia Araújo,2023-01-03,2023-01-08,5
44000,Gustavo Henrique da Conceição,2022-11-06,2023-01-09,64
45000,Manuela Viana,2022-09-26,2023-01-08,104
46000,Kaique Rodrigues,2023-01-03,2023-01-08,5
47000,João Barbosa,2023-01-13,2023-01-08,-5
48000,Sr. Leandro Vieira,2022-11-05,2023-01-08,64
49000,Gabrielly Costela,2022-11-04,2023-01-27,84
50000,João Felipe Oliveira,2022-10-20,2023-01-08,80
51000,Emanuelly Moreira,2022-08-01,2023-01-09,161
52000,Luiz Fernando Vieira,2022-12-04,2023-01-08,35
53000,Benjamin Silva,2023-02-22,2023-01-08,-45
54000,Clara Ramos,2022-10-26,2023-01-08,74
55000,Leonardo Jesus,2022-12-01,2023-01-08,38
56000,Eduardo da Costa,2023-01-04,2023-01-08,4
57000,Alana Ribeiro,2023-01-03,2023-01-08,5
58000,João Lucas Aragão,2022-08-01,2023-01-08,160
59000,Catarina da Rocha,2023-03-09,2023-01-08,-60
60000,Bruno Ramos,2023-01-25,2023-01-08,-17
61000,Gustavo Henrique da Costa,2022-09-02,2023-01-08,128
62000,Carolina da Rosa,2022-09-26,2023-01-08,104
63000,Camila Campos,2022-11-20,2023-01-09,50
64000,Laura Gonçalves,2023-01-03,2023-01-08,5
65000,Ana Vitória Nunes,2022-10-04,2023-01-08,96
66000,Esther Gomes,2022-08-02,2023-01-08,159
67000,Henrique Pinto,2022-12-02,2023-01-08,37
68000,Carlos Eduardo Oliveira,2022-11-07,2023-01-08,62
69000,Sra. Olivia Santos,2022-11-05,2023-01-08,64
70000,Alícia Castro,2022-09-04,2023-01-08,126
71000,Gustavo Ramos,2023-01-29,2023-01-08,-21
72000,Sr. Francisco da Costa,2023-04-28,2023-01-08,-110
73000,Yuri da Mata,2022-11-02,2023-01-08,67
74000,Cauã Santos,2022-12-26,2023-01-08,13
75000,Maitê Correia,2022-12-05,2023-01-08,34
76000,Maria Luiza Pinto,2022-12-03,2023-01-08,36
77000,Dr. João Pedro da Paz,2022-08-02,2023-01-08,159
78000,Igor da Paz,2023-05-05,2023-01-08,-117
79000,Caio Jesus,2022-10-01,2023-01-08,99
80000,Leonardo Monteiro,2022-10-01,2023-01-11,102
81000,João Vitor Viana,2022-11-04,2023-01-08,65
82000,Laís Mendes,2022-09-06,2023-01-08,124
83000,Vitor Rodrigues,2022-12-01,2023-01-08,38
84000,Laís Carvalho,2023-02-09,2023-01-08,-32
85000,Sra. Stephany Azevedo,2022-12-02,2023-01-08,37
86000,Samuel Cavalcanti,2022-12-05,2023-01-08,34
87000,Matheus Lopes,2023-01-14,2023-01-08,-6
88000,Vicente da Mota,2023-01-22,2023-01-08,-14
89000,Caroline Melo,2023-01-05,2023-01-08,3
90000,Vitor Ferreira,2022-08-01,2023-01-08,160
91000,Theo Carvalho,2023-04-12,2023-01-08,-94
92000,Nicolas da Luz,2022-12-23,2023-01-08,16
93000,Manuela Vieira,2022-12-22,2023-01-08,17
94000,Maria Fernanda Moraes,2023-08-03,2023-01-08,-207
95000,Carolina Costa,2022-11-27,2023-01-08,42
96000,Maitê Viana,2022-11-02,2023-01-08,67
97000,Dr. Renan Novaes,2022-12-02,2023-01-08,37
98000,Kevin Moura,2022-11-02,2023-01-08,67
99000,Sr. João Gabriel Peixoto,2022-11-13,2023-01-08,56
100000,Isis da Paz,2022-11-04,2023-01-08,65
101000,Lorenzo Ramos,2022-09-22,2023-01-11,111
102000,Caroline Viana,2023-02-27,2023-01-08,-50
103000,Renan Moraes,2023-01-08,2023-01-08,0
104000,Sra. Rebeca da Rosa,2023-01-06,2023-01-08,2
105000,Eduardo Dias,2022-12-02,2023-01-08,37
106000,Isabel Cavalcanti,2023-03-24,2023-01-08,-75
107000,Sra. Alexia Souza,2022-12-01,2023-01-08,38
108000,Pedro Henrique Pereira,2022-12-28,2023-01-08,11
109000,Theo Cardoso,2022-12-01,2023-01-08,38
110000,Enzo Ramos,2023-02-10,2023-01-09,-32
111000,Vitória Farias,2022-12-05,2023-01-08,34
112000,Ian Sales,2022-10-01,2023-01-08,99
113000,Natália Jesus,2022-08-07,2023-01-08,154
114000,Pietro Freitas,2022-11-25,2023-01-08,44
115000,Miguel Castro,2022-08-18,2023-01-08,143
116000,Eduardo Correia,2022-12-08,2023-01-08,31
117000,Dra. Maria Cecília Jesus,2022-10-03,2023-01-08,97
118000,Diego da Cunha,2022-08-01,2023-01-08,160
119000,Dra. Carolina Lima,2023-01-07,2023-01-09,2
120000,Diego Teixeira,2022-12-27,2023-01-09,13
121000,Elisa da Mota,2022-09-09,2023-01-09,122
122000,Enrico Novaes,2022-12-01,2023-01-08,38
123000,Clara Jesus,2022-11-19,2023-01-08,50
124000,Gabriel Carvalho,2023-04-20,2023-01-08,-102
125000,Marcos Vinicius Almeida,2022-08-20,2023-01-08,141
126000,Enzo Gabriel Jesus,2022-08-24,2023-01-08,137
127000,Ana Carolina Ramos,2022-10-06,2023-01-09,95
128000,Pedro Henrique Castro,2022-11-11,2023-01-10,60
129000,João Silva,2022-09-03,2023-01-08,127
130000,Valentina Silveira,2022-12-13,2023-01-09,27
131000,Lara Fogaça,2023-02-08,2023-01-08,-31
132000,Dr. Vitor Silva,2023-04-15,2023-01-08,-97
133000,Brenda Oliveira,2023-01-03,2023-01-08,5
134000,Isabella Rocha,2023-01-06,2023-01-08,2
135000,Manuela da Paz,2022-12-20,2023-01-08,19
136000,Isadora Freitas,2022-11-06,2023-01-08,63
137000,Lara Souza,2022-08-02,2023-01-08,159
138000,Diego Oliveira,2022-12-17,2023-01-08,22
139000,João Miguel Porto,2023-01-07,2023-01-08,1
140000,Ryan Teixeira,2022-09-01,2023-01-08,129
141000,Antônio Fogaça,2022-12-01,2023-01-08,38
142000,Stephany Araújo,2022-10-28,2023-01-08,72
143000,Olivia Rodrigues,2023-01-12,2023-01-08,-4
144000,Augusto Aragão,2022-11-01,2023-01-08,68
145000,Alícia Ramos,2022-09-02,2023-01-08,128
146000,Manuela Almeida,2022-10-01,2023-01-09,100
147000,Daniel Melo,2022-08-01,2023-01-08,160
148000,Melissa da Costa,2022-10-02,2023-01-08,98
149000,Pietra Azevedo,2022-10-04,2023-01-08,96
150000,Caio Fernandes,2022-11-18,2023-01-08,51
151000,Dr. Diogo Dias,2022-11-23,2023-01-09,47
152000,Sra. Raquel da Rocha,2022-12-26,2023-01-09,14
153000,Marina da Conceição,2022-08-02,2023-01-08,159
154000,Ana Julia Azevedo,2022-08-31,2023-01-08,130
155000,João Miguel Rodrigues,2022-11-01,2023-01-08,68
156000,Lívia Viana,2022-08-02,2023-01-26,177
157000,Kamilly Farias,2022-09-02,2023-01-08,128
158000,Luiza das Neves,2022-12-02,2023-01-08,37
159000,Clarice Cavalcanti,2023-04-15,2023-01-08,-97
160000,Bárbara Porto,2023-04-10,2023-01-08,-92
161000,Luiz Fernando Mendes,2022-11-06,2023-01-09,64
162000,Cecília Vieira,2022-12-05,2023-01-08,34
163000,Ryan da Rocha,2022-12-01,2023-01-08,38
164000,Mariane Ramos,2022-12-13,2023-01-08,26
165000,Vicente Jesus,2022-10-01,2023-01-08,99
166000,Benício Pinto,2022-11-01,2023-01-08,68
167000,Pedro Lucas Oliveira,2022-08-02,2023-01-08,159
168000,Bryan Melo,2022-10-03,2023-01-08,97
169000,Srta. Manuela Moura,2022-10-11,2023-01-08,89
170000,Luiz Henrique da Luz,2022-10-01,2023-01-08,99
171000,Dr. Ian Carvalho,2022-09-03,2023-01-08,127
172000,Joana Oliveira,2023-04-27,2023-01-08,-109
173000,Sr. Enrico Jesus,2022-12-02,2023-01-08,37
174000,Dr. Raul Silva,2022-08-01,2023-01-08,160
175000,Leonardo Araújo,2022-08-27,2023-01-08,134
176000,Eduarda Barros,2022-09-02,2023-01-08,128
177000,Benício das Neves,2023-02-10,2023-01-08,-33
178000,Luiz Felipe Peixoto,2022-12-16,2023-01-08,23
179000,Matheus Rezende,2022-11-01,2023-01-08,68
180000,Cauã Campos,2023-04-21,2023-01-08,-103
181000,Bruno Alves,2023-01-01,2023-01-08,7
182000,Pietra Cavalcanti,2022-10-17,2023-01-08,83
183000,Isabella Dias,2022-11-25,2023-01-08,44
184000,Bryan Almeida,2022-11-03,2023-01-08,66
185000,Alexandre Duarte,2022-12-04,2023-01-08,35
186000,Davi Lucas da Costa,2022-09-02,2023-01-08,128
187000,Dr. Marcos Vinicius Porto,2022-08-02,2023-01-08,159
188000,Dr. Nicolas da Costa,2022-09-02,2023-01-09,129
189000,Srta. Emanuella Almeida,2022-12-01,2023-01-08,38
190000,Sofia Freitas,2022-12-01,2023-01-08,38
191000,Davi Luiz Melo,2022-11-29,2023-01-08,40
192000,Valentina Vieira,2022-12-28,2023-01-09,12
193000,Dr. Bryan Rezende,2023-03-14,2023-01-08,-65
194000,Letícia da Luz,2022-12-01,2023-01-08,38
195000,Ana Clara da Costa,2022-12-01,2023-01-08,38
196000,Julia Barbosa,2022-10-16,2023-01-10,86
197000,Lívia Araújo,2022-11-02,2023-01-08,67
198000,Alana Costela,2022-08-10,2023-01-08,151
199000,Murilo Rocha,2022-08-01,2023-01-08,160
200000,Dr. Guilherme Lima,2022-09-07,2023-01-08,123
201000,Emanuel Araújo,2022-11-05,2023-01-08,64
202000,Theo Martins,2022-09-15,2023-01-08,115
203000,Melissa Ribeiro,2022-10-01,2023-01-08,99
204000,Augusto Rodrigues,2023-01-26,2023-01-08,-18
205000,Ana Júlia da Rocha,2023-05-06,2023-01-08,-118
206000,Luana Castro,2022-08-02,2023-01-10,161
207000,Bruno Lima,2022-12-23,2023-01-08,16
208000,Mirella das Neves,2022-12-10,2023-01-08,29
209000,Luiz Miguel da Paz,2022-12-07,2023-01-08,32
210000,Mirella Aragão,2022-11-09,2023-01-08,60
211000,Agatha Nunes,2023-01-14,2023-01-09,-5
212000,Isabella Duarte,2023-01-10,2023-01-08,-2
213000,Maria Barbosa,2023-01-02,2023-01-08,6
214000,Juan das Neves,2022-10-01,2023-01-09,100
215000,Sabrina Moraes,2023-03-15,2023-01-08,-66
216000,Pedro Lucas Melo,2023-02-16,2023-01-08,-39
217000,Pedro da Mata,2022-11-17,2023-01-08,52
218000,Erick da Mata,2022-12-25,2023-01-08,14
219000,Diego Cavalcanti,2022-12-17,2023-01-08,22
220000,Dra. Heloísa Souza,2022-09-06,2023-01-08,124
221000,Srta. Rebeca Farias,2022-11-02,2023-01-08,67
222000,Kevin Carvalho,2022-12-03,2023-01-08,36
223000,Erick Gomes,2022-09-19,2023-01-08,111
224000,Dr. Leonardo da Mota,2022-10-04,2023-01-11,99
225000,Diogo Rezende,2022-11-02,2023-01-08,67
226000,Srta. Camila Cunha,2022-10-02,2023-01-08,98
227000,Alícia Vieira,2023-03-13,2023-01-09,-63
228000,Nina Moura,2022-08-07,2023-01-08,154
229000,Dra. Clarice das Neves,2022-11-02,2023-01-08,67
230000,Beatriz das Neves,2023-01-19,2023-01-10,-9
231000,Srta. Fernanda Teixeira,2022-10-03,2023-01-09,98
232000,Cauê Nascimento,2023-01-24,2023-01-08,-16
233000,Cauã Dias,2022-12-16,2023-01-08,23
234000,Yasmin da Luz,2023-02-06,2023-01-08,-29
235000,Dr. Benício Oliveira,2022-12-03,2023-01-09,37
236000,Sr. Felipe Cardoso,2022-08-05,2023-01-08,156
237000,Isadora Sales,2022-12-09,2023-01-09,31
238000,Luna da Cunha,2023-01-26,2023-01-08,-18
239000,Sr. Leandro Campos,2022-08-07,2023-01-08,154
240000,Diogo da Costa,2022-09-08,2023-01-08,122
241000,Ana Carolina Azevedo,2022-12-08,2023-01-08,31
242000,Dra. Sophia Cavalcanti,2022-09-21,2023-01-08,109
243000,Sr. Luiz Felipe Souza,2022-10-03,2023-01-08,97
244000,Gabrielly Pereira,2022-08-15,2023-01-09,147
245000,Júlia Nogueira,2022-12-04,2023-01-08,35
246000,Gustavo Henrique Ribeiro,2022-10-13,2023-01-08,87
247000,Luiz Henrique Nogueira,2022-11-28,2023-01-08,41
248000,Heloísa Aragão,2022-10-03,2023-01-10,99
249000,Rebeca Rocha,2022-08-01,2023-01-08,160
250000,Nathan Freitas,2023-01-04,2023-01-08,4
251000,Juliana da Cruz,2022-08-02,2023-01-15,166
252000,Mirella Nascimento,2023-04-10,2023-01-08,-92
253000,Alexia Gonçalves,2022-08-10,2023-01-08,151
254000,Maria Alice Nascimento,2022-11-07,2023-01-08,62
255000,Dr. Juan Mendes,2022-12-03,2023-01-09,37
256000,Igor Barbosa,2022-12-02,2023-01-08,37
257000,Gabriela Pinto,2022-11-21,2023-01-08,48
258000,Dr. Caio Fogaça,2022-12-19,2023-01-09,21
259000,Ana Julia da Costa,2023-01-16,2023-01-08,-8
260000,Marcos Vinicius Carvalho,2023-01-19,2023-01-08,-11
261000,Breno Oliveira,2022-09-10,2023-01-08,120
262000,Alice da Luz,2022-12-03,2023-01-08,36
263000,Dr. Lucas Gabriel Mendes,2022-09-02,2023-01-08,128
264000,Sra. Heloísa Nascimento,2022-12-27,2023-01-08,12
265000,Stephany Gonçalves,2022-11-03,2023-01-08,66
266000,Luana Lopes,2023-01-11,2023-01-08,-3
267000,Marcelo Castro,2023-01-16,2023-01-10,-6
268000,Anthony Pires,2022-12-01,2023-01-08,38
269000,Maria Eduarda Lopes,2023-01-01,2023-01-08,7
270000,Antônio Campos,2022-12-26,2023-01-08,13
271000,João Gabriel Cardoso,2022-12-03,2023-01-08,36
272000,Milena Moraes,2023-01-01,2023-01-08,7
273000,Isabella Campos,2023-01-05,2023-01-08,3
274000,Raul Duarte,2022-12-15,2023-01-09,25
275000,Lorenzo Moura,2022-09-03,2023-01-08,127
276000,Murilo Moura,2023-01-01,2023-01-10,9
277000,Sr. Eduardo Lopes,2023-04-10,2023-01-08,-92
278000,Diego da Rosa,2022-11-04,2023-01-08,65
279000,Luiz Felipe Freitas,2022-12-01,2023-01-08,38
280000,Isabella Barros,2023-02-19,2023-01-08,-42
281000,Levi Cardoso,2023-02-03,2023-01-11,-23
282000,Henrique Fernandes,2022-08-02,2023-01-08,159
283000,Amanda Rocha,2023-01-13,2023-01-08,-5
284000,Srta. Beatriz Souza,2022-10-12,2023-01-08,88
285000,Guilherme Moura,2023-02-04,2023-01-09,-26
286000,Esther Nogueira,2022-10-03,2023-01-08,97
287000,Ana Julia Lopes,2023-03-29,2023-01-08,-80
288000,Alice Lopes,2023-01-06,2023-01-08,2
289000,Luiz Felipe Rocha,2022-09-24,2023-01-09,107
290000,Rodrigo da Mata,2022-10-08,2023-01-08,92
291000,Heloísa Rodrigues,2023-02-09,2023-01-08,-32
292000,Lorena Santos,2023-01-19,2023-01-08,-11
293000,Vitor Hugo Gonçalves,2022-09-01,2023-01-08,129
294000,Lorena Correia,2023-01-25,2023-01-08,-17
295000,Arthur Rocha,2022-10-16,2023-01-13,89
296000,Thales Ribeiro,2022-12-05,2023-01-10,36
297000,Fernando Moura,2022-11-19,2023-01-08,50
298000,Isadora Nunes,2023-01-02,2023-01-08,6
299000,Marcos Vinicius Souza,2022-10-09,2023-01-08,91
300000,Sr. André Ramos,2022-10-28,2023-01-08,72
301000,Isabella Monteiro,2022-11-28,2023-01-17,50
302000,Marina Sales,2022-11-16,2023-01-08,53
303000,Maria Alice Vieira,2022-12-06,2023-01-08,33
304000,Erick da Mota,2023-02-26,2023-01-08,-49
305000,Emanuel Pereira,2023-04-01,2023-01-09,-82
306000,Murilo Novaes,2023-02-05,2023-01-08,-28
307000,Marcela da Mota,2023-03-09,2023-01-08,-60
308000,Maitê Jesus,2022-08-02,2023-01-08,159
309000,Danilo Nunes,2023-05-17,2023-01-08,-129
310000,Heitor Almeida,2022-11-30,2023-01-08,39
311000,Ana Clara da Mota,2022-11-02,2023-01-08,67
312000,Fernando Cardoso,2023-06-15,2023-01-08,-158
313000,Bianca Nascimento,2022-08-23,2023-01-08,138
314000,Bruna Pereira,2023-01-25,2023-01-08,-17
315000,Lorenzo Correia,2022-12-01,2023-01-08,38
316000,Olivia Oliveira,2022-11-03,2023-01-08,66
317000,André Lopes,2023-01-15,2023-01-08,-7
318000,Alexia Nogueira,2023-02-16,2023-01-09,-38
319000,Dra. Ana Beatriz Ramos,2022-10-06,2023-01-08,94
320000,Augusto Teixeira,2022-09-06,2023-01-08,124
321000,Maitê Carvalho,2022-12-18,2023-01-09,22
322000,João Vitor Costela,2022-08-04,2023-01-08,157
323000,Sra. Brenda Campos,2022-12-01,2023-01-09,39
324000,Dra. Ana Sophia Cunha,2022-12-01,2023-01-08,38
325000,Bárbara Ribeiro,2022-09-02,2023-01-08,128
326000,Ana Costa,2023-01-16,2023-01-08,-8
327000,Lucas Lima,2022-12-29,2023-01-09,11
328000,Luiz Henrique Pires,2023-01-04,2023-01-08,4
329000,Lívia Martins,2022-08-11,2023-01-08,150
330000,Gabriela Silva,2023-01-07,2023-01-09,2
331000,Ana Julia Barros,2023-02-10,2023-01-09,-32
332000,Sra. Bárbara Farias,2022-11-07,2023-01-10,64
333000,Luiz Henrique Souza,2022-12-09,2023-01-08,30
334000,Isabel Moraes,2023-04-01,2023-01-10,-81
335000,Matheus Nascimento,2022-08-02,2023-01-10,161
336000,Alexandre Porto,2022-12-17,2023-01-08,22
337000,Yago Teixeira,2022-12-01,2023-01-08,38
338000,Luiz Felipe Silveira,2022-11-07,2023-01-08,62
339000,Juan Freitas,2022-11-18,2023-01-08,51
340000,Pedro Miguel Costela,2022-11-24,2023-01-08,45
341000,Maria Julia Castro,2023-01-31,2023-01-08,-23
342000,Fernanda da Costa,2022-09-13,2023-01-08,117
343000,Emanuel Cardoso,2022-10-17,2023-01-08,83
344000,Luiz Felipe da Cruz,2022-11-20,2023-01-08,49
345000,Joana Cavalcanti,2022-11-14,2023-01-08,55
346000,Alexandre da Cunha,2022-12-01,2023-01-09,39
347000,Caroline Silveira,2022-10-02,2023-01-08,98
348000,Dr. Vinicius Freitas,2022-10-08,2023-01-09,93
349000,Sr. Enrico Farias,2022-09-30,2023-01-08,100
350000,Lívia Pereira,2023-07-15,2023-01-08,-188
351000,Sr. João Lopes,2022-11-20,2023-01-08,49
352000,Maria Julia Monteiro,2022-12-17,2023-01-09,23
353000,Danilo Campos,2022-10-20,2023-01-08,80
354000,Bryan Nascimento,2022-12-08,2023-01-08,31
355000,Eduardo Carvalho,2022-11-17,2023-01-08,52
356000,Carlos Eduardo Nascimento,2022-11-18,2023-01-08,51
357000,Amanda Ribeiro,2022-10-25,2023-01-08,75
358000,João Lucas Campos,2022-10-03,2023-01-08,97
359000,Emanuel Novaes,2022-10-03,2023-01-09,98
360000,Luiz Fernando Nunes,2022-10-23,2023-01-08,77
361000,Henrique Farias,2022-09-30,2023-01-09,101
362000,Ana Nunes,2023-01-18,2023-01-08,-10
363000,Manuela Moreira,2022-12-10,2023-01-08,29
364000,Arthur Teixeira,2022-09-30,2023-01-14,106
365000,Bryan Sales,2023-04-22,2023-01-08,-104
366000,Esther da Costa,2023-01-21,2023-01-09,-12
367000,Luigi Costa,2023-01-13,2023-01-08,-5
368000,Luiz Miguel Rodrigues,2022-11-04,2023-01-08,65
369000,Maria Luiza Barros,2023-05-06,2023-01-08,-118
370000,Dr. Theo Duarte,2022-09-30,2023-01-09,101
371000,Pedro Lucas Gomes,2023-05-16,2023-01-08,-128
372000,Noah Peixoto,2022-10-18,2023-01-08,82
373000,Thales Moura,2023-01-11,2023-01-08,-3
374000,Carlos Eduardo Costa,2022-11-11,2023-01-08,58
375000,Sr. Theo Santos,2023-03-05,2023-01-08,-56
376000,João Guilherme Farias,2022-09-06,2023-01-08,124
377000,Sabrina Nunes,2022-10-10,2023-01-10,92
378000,Luiz Fernando Castro,2023-01-09,2023-01-09,0
379000,Gustavo Nunes,2023-03-06,2023-01-09,-56
380000,Eduardo Teixeira,2022-11-22,2023-01-08,47
381000,Isaac Oliveira,2022-12-13,2023-01-09,27
382000,Lorena Araújo,2022-12-01,2023-01-08,38
383000,Francisco Cunha,2023-02-28,2023-01-08,-51
384000,Marcela Nunes,2023-02-02,2023-01-09,-24
385000,Joana Barros,2023-03-29,2023-01-08,-80
386000,Luiz Felipe Novaes,2023-04-24,2023-01-08,-106
387000,Fernanda Nunes,2023-01-25,2023-01-08,-17
388000,Cecília Barbosa,2022-11-01,2023-01-08,68
389000,Dr. João Guilherme da Mata,2022-12-13,2023-01-08,26
390000,Maysa Moraes,2022-12-25,2023-01-09,15
391000,Maria Luiza Carvalho,2023-02-28,2023-01-08,-51
392000,Bárbara Duarte,2022-12-28,2023-01-09,12
393000,Laís Ramos,2023-05-11,2023-01-08,-123
394000,Dr. Davi Luiz Almeida,2023-04-18,2023-01-09,-99
395000,Felipe Monteiro,2023-03-25,2023-01-08,-76
396000,Dr. Anthony Costela,2023-02-09,2023-01-08,-32
397000,Guilherme Ferreira,2023-03-11,2023-01-08,-62
398000,Bryan Novaes,2023-01-24,2023-01-08,-16
399000,Lara Duarte,2022-11-26,2023-01-08,43
400000,Davi Lucca Aragão,2023-03-10,2023-01-08,-61
401000,Matheus Fernandes,2023-01-29,2023-01-08,-21
402000,Ana Luiza Pereira,2022-10-23,2023-01-17,86
403000,Ana Luiza Peixoto,2023-01-24,2023-01-08,-16
404000,Pedro Henrique Mendes,2022-10-17,2023-01-08,83
405000,João Almeida,2023-06-21,2023-01-08,-164
406000,Diego Ramos,2023-04-11,2023-01-14,-87
407000,Kamilly Novaes,2023-02-26,2023-01-08,-49
408000,Ana Lívia Gomes,2022-10-22,2023-01-08,78
409000,Sra. Emanuella Duarte,2023-02-04,2023-01-08,-27
410000,Maria Clara Rocha,2023-02-07,2023-01-09,-29
411000,Rodrigo Lima,2023-03-03,2023-01-08,-54
412000,Antônio Martins,2023-04-24,2023-01-08,-106
413000,Thales Caldeira,2023-05-02,2023-01-15,-107
414000,Letícia da Mata,2022-12-07,2023-01-08,32
415000,Isabel Dias,2023-02-11,2023-01-10,-32
416000,Sr. Guilherme da Mota,2022-11-26,2023-01-08,43
417000,Alexandre Santos,2023-01-30,2023-01-08,-22
418000,Yasmin Cardoso,2023-04-10,2023-01-08,-92
419000,Dr. Carlos Eduardo Jesus,2023-04-02,2023-01-08,-84
420000,Nina Costela,2023-02-18,2023-01-08,-41
421000,Renan Moreira,2022-11-01,2023-01-13,73
422000,Mariana Fernandes,2023-02-03,2023-01-08,-26
423000,Evelyn Almeida,2023-02-05,2023-01-08,-28
424000,Sr. Marcelo Silva,2023-03-26,2023-01-08,-77
425000,Letícia Cunha,2023-04-30,2023-01-08,-112
426000,Ana Laura da Cunha,2023-06-30,2023-01-08,-173
427000,Isaac Monteiro,2023-01-05,2023-01-10,5
428000,Paulo Rodrigues,2023-07-04,2023-01-08,-177
429000,Benjamin Souza,2023-08-03,2023-01-08,-207
430000,Ana Vitória Aragão,2022-12-01,2023-01-08,38
431000,Rafael Cunha,2023-04-20,2023-01-08,-102
432000,Yago Araújo,2023-06-03,2023-01-08,-146
433000,Melissa Rodrigues,2023-03-30,2023-01-08,-81
434000,Renan Sales,2023-02-23,2023-01-08,-46
435000,Sr. Luiz Henrique da Paz,2022-11-21,2023-01-08,48
436000,Luiz Henrique Rodrigues,2023-04-14,2023-01-08,-96
437000,Luana Novaes,2023-02-20,2023-01-08,-43
438000,Esther Castro,2023-04-20,2023-01-09,-101
439000,Matheus Santos,2023-04-03,2023-01-09,-84
440000,Helena Lima,2023-03-25,2023-01-08,-76
441000,Vitor Gabriel Cardoso,2022-12-29,2023-01-08,10
442000,João da Costa,2023-03-21,2023-01-08,-72
443000,Dr. Paulo Porto,2023-01-19,2023-01-08,-11
444000,Anthony Fogaça,2023-02-05,2023-01-08,-28
445000,Gustavo Henrique Alves,2023-02-14,2023-01-08,-37
446000,Lara Farias,2023-02-09,2023-01-08,-32
447000,Sophie Viana,2022-12-11,2023-01-08,28
448000,Nina Souza,2022-12-12,2023-01-08,27
449000,Felipe Costa,2023-03-25,2023-01-08,-76
450000,Emanuel da Mota,2023-05-19,2023-01-08,-131
451000,Luiz Felipe da Conceição,2023-03-12,2023-01-09,-62
452000,Nicolas Costela,2023-03-14,2023-01-08,-65
453000,Dr. Rafael Lima,2023-02-10,2023-01-08,-33
454000,João Teixeira,2023-04-11,2023-01-09,-92
455000,Nicolas Teixeira,2023-04-10,2023-01-08,-92
456000,Srta. Isis Dias,2023-05-14,2023-01-08,-126
457000,Sra. Letícia Pinto,2023-01-29,2023-01-08,-21
458000,Joaquim Vieira,2023-01-19,2023-01-09,-10
459000,Otávio Souza,2023-02-28,2023-01-08,-51
460000,Stella da Costa,2022-12-15,2023-01-09,25
461000,Thiago Rocha,2023-02-16,2023-01-08,-39
462000,Sra. Sophie Campos,2023-05-23,2023-01-08,-135
463000,Natália Cardoso,2023-05-26,2023-01-08,-138
464000,Yuri Ribeiro,2023-04-26,2023-01-08,-108
465000,Davi Luiz Vieira,2023-01-23,2023-01-08,-15
466000,Enzo Gabriel Caldeira,2023-02-02,2023-01-15,-18
467000,Cauã Gonçalves,2023-04-18,2023-01-14,-94
468000,Lucca Nunes,2023-01-05,2023-01-10,5
469000,João Miguel Caldeira,2023-04-30,2023-01-08,-112
470000,Heitor Fernandes,2023-04-30,2023-01-08,-112
471000,Thiago Monteiro,2023-05-02,2023-01-09,-113
472000,Ana Clara Jesus,2023-01-31,2023-01-08,-23
473000,Eduardo Ramos,2023-04-19,2023-01-08,-101
474000,Dr. Benjamin Almeida,2023-04-08,2023-01-09,-89
475000,Benjamin Oliveira,2023-03-30,2023-01-10,-79
476000,Alexandre Pires,2023-02-16,2023-01-09,-38
477000,Nina Freitas,2023-06-28,2023-01-10,-169
478000,Kamilly Barros,2023-06-27,2023-01-09,-169
479000,Sr. Carlos Eduardo Silveira,2022-12-01,2023-01-09,39
